-- MySQL dump 10.13  Distrib 8.0.30, for macos12 (arm64)
--
-- Host: localhost    Database: inhaair
-- ------------------------------------------------------
-- Server version	8.0.30

/*!40101 SET @OLD_CHARACTER_SET_CLIENT=@@CHARACTER_SET_CLIENT */;
/*!40101 SET @OLD_CHARACTER_SET_RESULTS=@@CHARACTER_SET_RESULTS */;
/*!40101 SET @OLD_COLLATION_CONNECTION=@@COLLATION_CONNECTION */;
/*!50503 SET NAMES utf8mb4 */;
/*!40103 SET @OLD_TIME_ZONE=@@TIME_ZONE */;
/*!40103 SET TIME_ZONE='+00:00' */;
/*!40014 SET @OLD_UNIQUE_CHECKS=@@UNIQUE_CHECKS, UNIQUE_CHECKS=0 */;
/*!40014 SET @OLD_FOREIGN_KEY_CHECKS=@@FOREIGN_KEY_CHECKS, FOREIGN_KEY_CHECKS=0 */;
/*!40101 SET @OLD_SQL_MODE=@@SQL_MODE, SQL_MODE='NO_AUTO_VALUE_ON_ZERO' */;
/*!40111 SET @OLD_SQL_NOTES=@@SQL_NOTES, SQL_NOTES=0 */;

--
-- Table structure for table `airplane`
--

DROP TABLE IF EXISTS `airplane`;
/*!40101 SET @saved_cs_client     = @@character_set_client */;
/*!50503 SET character_set_client = utf8mb4 */;
CREATE TABLE `airplane` (
  `flightCode` varchar(100) CHARACTER SET utf8mb3 COLLATE utf8mb3_general_ci NOT NULL COMMENT '편명',
  `from` varchar(100) CHARACTER SET utf8mb3 COLLATE utf8mb3_general_ci DEFAULT NULL COMMENT '출발지',
  `to` varchar(100) CHARACTER SET utf8mb3 COLLATE utf8mb3_general_ci DEFAULT NULL COMMENT '도착지',
  `economy` int DEFAULT '0' COMMENT '이코노미 좌석 수',
  `business` int DEFAULT '0' COMMENT '비즈니스 좌석 수',
  `first` int DEFAULT '0' COMMENT '퍼스트 좌석 수',
  `economyPay` int DEFAULT '0' COMMENT '일반석가격',
  `businessPay` int DEFAULT '0' COMMENT '비즈니스석가격',
  `firstPay` int DEFAULT '0' COMMENT '일등석가격',
  PRIMARY KEY (`flightCode`)
) ENGINE=InnoDB DEFAULT CHARSET=utf8mb3 COMMENT='인하항공 정보';
/*!40101 SET character_set_client = @saved_cs_client */;

--
-- Dumping data for table `airplane`
--

LOCK TABLES `airplane` WRITE;
/*!40000 ALTER TABLE `airplane` DISABLE KEYS */;
INSERT INTO `airplane` VALUES ('IH0001','AUH','ICN',171,60,30,400000,600000,800000),('IH0121','CDG','ICN',171,60,30,350000,550000,750000),('IH0131','YYZ','ICN',171,60,30,500000,700000,900000),('IH014','ICN','MEL',171,60,30,400000,600000,800000),('IH016','SHA','ICN',171,60,30,600000,800000,1000000),('IH021','PUS','GMP',100,38,0,15000,45000,0),('IH0211','AMS','ICN',171,60,30,650000,850000,1050000),('IH0301','SEA','ICN',171,60,30,500000,700000,900000),('IH031','ORD','ICN',171,60,30,450000,650000,850000),('IH032','HND','ICN',171,60,30,500000,700000,900000),('IH0402','KTM','ICN',171,60,30,230000,430000,630000),('IH041','BOS','ICN',171,60,30,560000,760000,960000),('IH042','TPE','ICN',171,60,30,490000,690000,890000),('IH0441','ZRH','ICN',171,60,30,600000,800000,1000000),('IH047','DEL','ICN',171,60,30,650000,850000,1050000),('IH051','KIX','ICN',171,60,30,450000,650000,850000),('IH0511','TAO','ICN',171,60,30,670000,870000,1070000),('IH053','CAN','ICN',171,60,30,540000,740000,940000),('IH054','HAN','ICN',171,60,30,650000,850000,1050000),('IH055','BKK','ICN',171,60,30,580000,780000,980000),('IH0551','CEB','ICN',171,60,30,630000,830000,1030000),('IH0553','MFM','ICN',171,60,30,300000,500000,700000),('IH1000','ICN','AUH',171,60,30,350000,550000,750000),('IH1030','ICN','SEA',171,60,30,500000,700000,900000),('IH1105','ICN','MUC',171,60,30,600000,800000,1000000),('IH1115','ICN','LAX',171,60,30,650000,850000,1050000),('IH1120','ICN','AMS',171,60,30,500000,700000,900000),('IH1121','ICN','AKL',171,60,30,450000,650000,850000),('IH1125','ICN','FRA',171,60,30,500000,700000,900000),('IH1150','ICN','TAO',171,60,30,230000,430000,630000),('IH120','GMP','PUS',100,38,0,15000,45000,0),('IH1210','ICN','CDG',171,60,30,560000,760000,960000),('IH1234','ICN','IST',171,60,30,490000,690000,890000),('IH125','ICN','LHR',171,60,30,600000,800000,1000000),('IH130','ICN','ORD',171,60,30,650000,850000,1050000),('IH1310','ICN','YYZ',171,60,30,450000,650000,850000),('IH1331','ICN','SYD',171,60,30,670000,870000,1070000),('IH140','ICN','BOS',171,60,30,540000,740000,940000),('IH1415','ICN','JFK',171,60,30,650000,850000,1050000),('IH1440','ICN','ZRH',171,60,30,580000,780000,980000),('IH1455','ICN','GVA',171,60,30,630000,830000,1030000),('IH150','ICN','KIX',171,60,30,300000,500000,700000),('IH1505','ICN','BOM',171,60,30,350000,550000,750000),('IH1535','ICN','BKI',171,60,30,400000,600000,800000),('IH1550','ICN','CEB',171,60,30,430000,630000,830000),('IH1734','ICN','MIA',171,60,30,670000,870000,1070000),('IH1735','ICN','BER',171,60,30,700000,900000,1100000),('IH2040','ICN','KTM',171,60,30,650000,850000,1050000),('IH205','ICN','PVG',171,60,30,540000,740000,940000),('IH225','ICN','NRT',171,60,30,230000,430000,630000),('IH230','ICN','HND',171,60,30,300000,500000,700000),('IH240','ICN','TPE',171,60,30,300000,500000,700000),('IH3113','SYD','ICN',171,60,30,350000,550000,750000),('IH3378','RSU','GMP',100,38,0,18000,48000,0),('IH348','ICN','DXB',171,60,30,600000,800000,1000000),('IH350','ICN','CAN',171,60,30,650000,850000,1050000),('IH3550','ICN','MFM',171,60,30,540000,740000,940000),('IH410','MEL','ICN',171,60,30,400000,600000,800000),('IH415','ICN','MNL',171,60,30,240000,440000,640000),('IH4225','ICN','GUM',171,60,30,560000,760000,960000),('IH4321','IST','ICN',171,60,30,430000,630000,830000),('IH4371','MIA','ICN',171,60,30,670000,870000,1070000),('IH450','ICN','HAN',171,60,30,540000,740000,940000),('IH5011','MUC','ICN',171,60,30,700000,900000,1100000),('IH502','PVG','ICN',171,60,30,650000,850000,1050000),('IH5051','BOM','ICN',171,60,30,540000,740000,940000),('IH5111','LAX','ICN',171,60,30,230000,430000,630000),('IH514 ','MNL','ICN',171,60,30,300000,500000,700000),('IH5141','JFK','ICN',171,60,30,300000,500000,700000),('IH516','DAD','ICN',171,60,30,600000,800000,1000000),('IH521','LHR','ICN',171,60,30,650000,850000,1050000),('IH5211','AKL','ICN',171,60,30,540000,740000,940000),('IH522','NRT','ICN',171,60,30,560000,760000,960000),('IH5222','FRA','ICN',171,60,30,240000,440000,640000),('IH5224','GUM','ICN',171,60,30,540000,740000,940000),('IH5351','BKI','ICN',171,60,30,460000,660000,860000),('IH5371','BER','ICN',171,60,30,280000,480000,680000),('IH546','KUL','ICN',171,60,30,620000,820000,1020000),('IH550','ICN','BKK',171,60,30,460000,660000,860000),('IH5541','GVA','ICN',171,60,30,290000,490000,690000),('IH5898','CJU','GMP',100,38,0,20000,50000,0),('IH610','ICN','SHA',171,60,30,280000,480000,680000),('IH615','ICN','DAD',171,60,30,620000,820000,1020000),('IH645','ICN','KUL',171,60,30,290000,490000,690000),('IH740','ICN','DEL',171,60,30,400000,600000,800000),('IH843','DXB','ICN',171,60,30,400000,600000,800000),('IH8733','GMP','RSU',100,38,0,18000,48000,0),('IH8985','GMP','CJU',100,38,0,20000,50000,0);
/*!40000 ALTER TABLE `airplane` ENABLE KEYS */;
UNLOCK TABLES;

--
-- Table structure for table `airport`
--

DROP TABLE IF EXISTS `airport`;
/*!40101 SET @saved_cs_client     = @@character_set_client */;
/*!50503 SET character_set_client = utf8mb4 */;
CREATE TABLE `airport` (
  `code` varchar(100) CHARACTER SET utf8mb3 COLLATE utf8mb3_general_ci NOT NULL COMMENT '공항 코드',
  `continent` varchar(50) CHARACTER SET utf8mb3 COLLATE utf8mb3_general_ci DEFAULT NULL COMMENT '대륙명',
  `country` varchar(50) CHARACTER SET utf8mb3 COLLATE utf8mb3_general_ci NOT NULL COMMENT '나라명',
  `city` varchar(50) CHARACTER SET utf8mb3 COLLATE utf8mb3_general_ci NOT NULL COMMENT '도시명',
  `airport` varchar(100) CHARACTER SET utf8mb3 COLLATE utf8mb3_general_ci NOT NULL COMMENT '공항명',
  `terminal` varchar(100) CHARACTER SET utf8mb3 COLLATE utf8mb3_general_ci NOT NULL COMMENT '국내/국제',
  PRIMARY KEY (`code`),
  CONSTRAINT `airport_CHECK` CHECK ((`terminal` in (_utf8mb3'국내',_utf8mb3'국제'))),
  CONSTRAINT `continent_CHECK` CHECK ((`continent` in (_utf8mb4'아시아',_utf8mb4'북아메리카',_utf8mb4'유럽',_utf8mb4'오세아니아')))
) ENGINE=InnoDB DEFAULT CHARSET=utf8mb3 COMMENT='공항 정보';
/*!40101 SET character_set_client = @saved_cs_client */;

--
-- Dumping data for table `airport`
--

LOCK TABLES `airport` WRITE;
/*!40000 ALTER TABLE `airport` DISABLE KEYS */;
INSERT INTO `airport` VALUES ('AKL','오세아니아','뉴질랜드','오클랜드','오클랜드 국제공항','국제'),('AMS','유럽','네덜란드','암스트레담','스히폴 국제공항','국제'),('AUH','아시아','아랍 에미리트','아부다비','아부다비 국제공항','국제'),('BCN','유럽','스페인','바르셀로나','엘 프라트 국제공항','국제'),('BER','유럽','독일','베를린','브란덴부르크 국제공항','국제'),('BKI','아시아','말레이시아','코타키나발루','코타키나발루 국제공항','국제'),('BKK','아시아','태국','방콕','수완나품 국제공항','국제'),('BOD','유럽','프랑스','보르도','메리냑 국제공항','국제'),('BOM','아시아','인도','뭄바이','차트라파티 시바지 국제공항','국제'),('BOS','북아메리카','미국','보스턴','로건 국제공항','국제'),('BRU','유럽','벨기에','브뤼셀','자반템 공항','국제'),('BUD','유럽','헝가리','부다페스트','프란츠리스트 국제공항','국제'),('CAN','아시아','중국','광저우','바이윈 국제공항','국제'),('CBR','오세아니아','호주','캔버라','캔버라 국제공항','국제'),('CDG','유럽','프랑스','파리','샤를드골 국제공항','국제'),('CEB','아시아','필리핀','세부','막탄 세부 국제공항','국제'),('CHC','오세아니아','뉴질랜드','크라이스트처치','크라이스트처치 국제공항','국제'),('CJJ','아시아','대한민국','청주','청주 국제공항','국내'),('CJU','아시아','대한민국','제주','제주 국제공항','국내'),('CKG','아시아','중국','충칭','장베이 국제공항','국제'),('CNX','아시아','태국','치앙마이','치앙마이 국제공항','국제'),('DAD','아시아','베트남','다낭','다낭 국제공항','국제'),('DEL','아시아','인도','델리','인다라 간디 국제공항','국제'),('DMK','아시아','태국','방콕','돈므앙 국제공항','국제'),('DUB','유럽','아일랜드','더블린','더블린 국제공항','국제'),('DUS','유럽','독일','뒤셀도르프','뒤셀도르프 국제공항','국제'),('DWC','아시아','아랍 에미리트','두바이','알막툼 국제공항','국제'),('DXB','아시아','아랍 에미리트','두바이','두바이 국제공항','국제'),('FCO','유럽','이탈리아','로마','레오나드로다빈치 국제공항','국제'),('FRA','유럽','독일','프랑크푸르트','프랑크푸르트 국제공항','국제'),('GMP','아시아','대한민국','김포','김포 국제공항','국내'),('GOA','유럽','이탈리아','제노아','제노아 국제공항','국제'),('GRU','북아메리카','브라질','상파울루','상파울루 공항','국제'),('GUM','오세아니아','미국','괌','앤토니오 B.원 팻 국제공항','국제'),('GVA','유럽','스위스','제네바','제네바 국제공항','국제'),('HAN','아시아','베트남','하노이','노이바이 국제공항','국제'),('HEL','유럽','필란드','헬싱키','헬싱키반타 국제공항','국제'),('HKG','아시아','홍콩','첵랍콕','홍콩 국제공항','국제'),('HKT','아시아','태국','푸켓','푸켓 국제공항','국제'),('HND','아시아','일본','도쿄','도쿄 국제공항','국제'),('ICN','아시아','대한민국','인천','인천 국제공항','국내'),('ISL','유럽','터키','이스탄불','아타튀르크 국제공항','국제'),('IST','유럽','터키','이스탄불','이스탄불 공항','국제'),('ITM','아시아','일본','오사카','이타미 공항','국제'),('JFK','북아메리카','미국','뉴욕','존F.케네디 국제공항','국제'),('KHH','아시아','대만','가오슝','가오슝 국제공항','국제'),('KIX','아시아','일본','오사카','간사이 국제공항','국제'),('KPO','아시아','대한민국','포항','포항 공항','국내'),('KTM','아시아','네팔','카트만두','트리부반 국제공항','국제'),('KUL','아시아','말레이시아','쿠알라룸푸르','쿠알라품푸르 국제공항','국제'),('LAS','북아메리카','미국','라스베가스','매커런 국제공항','국제'),('LAX','북아메리카','미국','로스앤젤레스','로스앤젤레스 국제공항','국제'),('LCY','유럽','영국','런던','런던시티 공항','국제'),('LHR','유럽','영국','런던','히드로 국제공항','국제'),('LIN','유럽','이탈리아','밀라노','리나테 국제공항','국제'),('LIS','유럽','포르투갈','리스본','포르텔라 국제공항','국제'),('MAA','아시아','인도','첸나이','첸나이 국제공항','국제'),('MAD','유럽','스페인','마드리드','바라하스 국제공항','국제'),('MAN','유럽','영국','맨체스터','맨체스터 국제공항','국제'),('MCO','북아메리카','미국','올랜도','올랜도 국제공항','국제'),('MEL','오세아니아','호주','멜버른','멜버른 국제공항','국제'),('MEX','북아메리카','멕시코','멕시코시티','베니토 후아레스 국제공항','국제'),('MFM','아시아','마카오','마카오','마카오 국제공항','국제'),('MIA','북아메리카','미국','마이애미','마이애미 국제공항','국제'),('MLE','아시아','몰디브','말레','말레 국제공항','국제'),('MNL','아시아','필리핀','마닐라','니노이아키노 국제공항','국제'),('MUC','유럽','독일','뮌헨','뮌헨 국제공항','국제'),('MXP','유럽','이탈리아','밀라노','말펜사 국제공항','국제'),('NAN','오세아니아','피지','나디','나디 국제공항','국제'),('NGO','아시아','일본','나고야','센트리아 나고야 국제공항','국제'),('NKG','아시아','중국','난징','루커우 국제공항','국제'),('NRT','아시아','일본','나리타','나리타 국제공항','국제'),('ORD','북아메리카','미국','시카고','오헤어 국제공항','국제'),('ORY','유럽','프랑스','파리','오를리 공항','국제'),('PDX','북아메리카','미국','포틀랜드','포틀랜드 국제공항','국제'),('PEK','아시아','중국','베이징','수도 국제공항','국제'),('PKX','아시아','중국','베이징','다싱 국제공항','국제'),('PRG','유럽','체크','프라하','바츨라프 하벨 국제공항','국제'),('PUS','아시아','대한민국','김해','김해 국제공항','국내'),('PVG','아시아','중국','상하이','푸동 국제공항','국제'),('RMQ','아시아','대만','타이중','타이중 국제공항','국제'),('RSU','아시아','대한민국','여수','여수 공항','국내'),('SEA','북아메리카','미국','시애틀','타코마 국제공항','국제'),('SGN','아시아','베트남','호치민','탄손누트 국제공항','국제'),('SHA','아시아','중국','상하이','홍차오 국제공항','국제'),('SHE','아시아','중국','선양','타오셴 국제공항','국제'),('SIN','아시아','싱가포르','창이','창이 국제공항','국제'),('SPN','오세아니아','미국','사이판','사이판 국제공항','국제'),('SXF','유럽','독일','베를린','쇠네펠트 국제공항','국제'),('SYD','오세아니아','호주','시드니','시드니 국제공항','국제'),('SZX','아시아','중국','선전','바오안 국제공항','국제'),('TAE','아시아','대한민국','대구','대구 국제공항','국내'),('TAO','아시아','중국','칭다오','류팅 국제공항','국제'),('TLC','북아메리카','멕시코','톨루카','아돌포 로페스 마테오스 국제공항','국제'),('TPE','아시아','대만','타이베이','타오위안 국제공항','국제'),('TSA','아시아','대만','타이베이','쑹산 국제공항','국제'),('TSN','아시아','중국','텐진','빈하이 국제공항','국제'),('TXL','유럽','독일','베를린','테겔 국제공항','국제'),('ULN','아시아','몽골','울란바타르','칭기즈 칸 국제공항','국제'),('USN','아시아','대한민국','울산','울산 공항','국내'),('VCE','유럽','이탈리아','베니스(베네치아)','마르코폴로 국제공항','국제'),('WAW','유럽','폴란드','바르샤바','쇼팽 국제공항','국제'),('YUL','북아메리카','캐나다','몬트리올','피에르 엘리오트 트뤼드 국제공항','국제'),('YYZ','북아메리카','캐나다','토론토','피어슨 국제공항','국제'),('ZRH','유럽','스위스','취리히','취리히 국제공항','국제');
/*!40000 ALTER TABLE `airport` ENABLE KEYS */;
UNLOCK TABLES;

--
-- Table structure for table `airSchedule`
--

DROP TABLE IF EXISTS `airSchedule`;
/*!40101 SET @saved_cs_client     = @@character_set_client */;
/*!50503 SET character_set_client = utf8mb4 */;
CREATE TABLE `airSchedule` (
  `scheduleNo` varchar(50) CHARACTER SET utf8mb3 COLLATE utf8mb3_general_ci NOT NULL COMMENT '스케줄번호',
  `flightCode` varchar(100) CHARACTER SET utf8mb3 COLLATE utf8mb3_general_ci NOT NULL COMMENT '편명',
  `from` varchar(50) CHARACTER SET utf8mb3 COLLATE utf8mb3_general_ci NOT NULL COMMENT '출발지코드',
  `fromDate` date NOT NULL COMMENT '출발일시',
  `fromTime` time DEFAULT NULL COMMENT '출발예정시간',
  `to` varchar(50) CHARACTER SET utf8mb3 COLLATE utf8mb3_general_ci NOT NULL COMMENT '도착지코드',
  `toDate` date NOT NULL COMMENT '도착일시',
  `toTime` time NOT NULL COMMENT '도착예정시간',
  PRIMARY KEY (`scheduleNo`),
  KEY `airSchedule_FK` (`flightCode`),
  CONSTRAINT `airSchedule_FK` FOREIGN KEY (`flightCode`) REFERENCES `airplane` (`flightCode`)
) ENGINE=InnoDB DEFAULT CHARSET=utf8mb3 COMMENT='항공스케줄';
/*!40101 SET character_set_client = @saved_cs_client */;

--
-- Dumping data for table `airSchedule`
--

LOCK TABLES `airSchedule` WRITE;
/*!40000 ALTER TABLE `airSchedule` DISABLE KEYS */;
INSERT INTO `airSchedule` VALUES ('CTOG-1','IH5898','CJU','2022-06-01','12:00:00','GMP','2022-06-01','13:30:00'),('CTOG-10','IH5898','CJU','2022-06-10','12:00:00','GMP','2022-06-10','13:30:00'),('CTOG-100','IH5898','CJU','2022-09-08','12:00:00','GMP','2022-09-08','13:30:00'),('CTOG-101','IH5898','CJU','2022-09-09','12:00:00','GMP','2022-09-09','13:30:00'),('CTOG-102','IH5898','CJU','2022-09-10','12:00:00','GMP','2022-09-10','13:30:00'),('CTOG-103','IH5898','CJU','2022-09-11','12:00:00','GMP','2022-09-11','13:30:00'),('CTOG-104','IH5898','CJU','2022-09-12','12:00:00','GMP','2022-09-12','13:30:00'),('CTOG-105','IH5898','CJU','2022-09-13','12:00:00','GMP','2022-09-13','13:30:00'),('CTOG-106','IH5898','CJU','2022-09-14','12:00:00','GMP','2022-09-14','13:30:00'),('CTOG-107','IH5898','CJU','2022-09-15','12:00:00','GMP','2022-09-15','13:30:00'),('CTOG-108','IH5898','CJU','2022-09-16','12:00:00','GMP','2022-09-16','13:30:00'),('CTOG-109','IH5898','CJU','2022-09-17','12:00:00','GMP','2022-09-17','13:30:00'),('CTOG-11','IH5898','CJU','2022-06-11','12:00:00','GMP','2022-06-11','13:30:00'),('CTOG-110','IH5898','CJU','2022-09-18','12:00:00','GMP','2022-09-18','13:30:00'),('CTOG-111','IH5898','CJU','2022-09-19','12:00:00','GMP','2022-09-19','13:30:00'),('CTOG-112','IH5898','CJU','2022-09-20','12:00:00','GMP','2022-09-20','13:30:00'),('CTOG-113','IH5898','CJU','2022-09-21','12:00:00','GMP','2022-09-21','13:30:00'),('CTOG-114','IH5898','CJU','2022-09-22','12:00:00','GMP','2022-09-22','13:30:00'),('CTOG-115','IH5898','CJU','2022-09-23','12:00:00','GMP','2022-09-23','13:30:00'),('CTOG-116','IH5898','CJU','2022-09-24','12:00:00','GMP','2022-09-24','13:30:00'),('CTOG-117','IH5898','CJU','2022-09-25','12:00:00','GMP','2022-09-25','13:30:00'),('CTOG-118','IH5898','CJU','2022-09-26','12:00:00','GMP','2022-09-26','13:30:00'),('CTOG-119','IH5898','CJU','2022-09-27','12:00:00','GMP','2022-09-27','13:30:00'),('CTOG-12','IH5898','CJU','2022-06-12','12:00:00','GMP','2022-06-12','13:30:00'),('CTOG-120','IH5898','CJU','2022-09-28','12:00:00','GMP','2022-09-28','13:30:00'),('CTOG-121','IH5898','CJU','2022-09-29','12:00:00','GMP','2022-09-29','13:30:00'),('CTOG-122','IH5898','CJU','2022-09-30','12:00:00','GMP','2022-09-30','13:30:00'),('CTOG-123','IH5898','CJU','2022-10-01','12:00:00','GMP','2022-10-01','13:30:00'),('CTOG-124','IH5898','CJU','2022-10-02','12:00:00','GMP','2022-10-02','13:30:00'),('CTOG-125','IH5898','CJU','2022-10-03','12:00:00','GMP','2022-10-03','13:30:00'),('CTOG-126','IH5898','CJU','2022-10-04','12:00:00','GMP','2022-10-04','13:30:00'),('CTOG-127','IH5898','CJU','2022-10-05','12:00:00','GMP','2022-10-05','13:30:00'),('CTOG-128','IH5898','CJU','2022-10-06','12:00:00','GMP','2022-10-06','13:30:00'),('CTOG-129','IH5898','CJU','2022-10-07','12:00:00','GMP','2022-10-07','13:30:00'),('CTOG-13','IH5898','CJU','2022-06-13','12:00:00','GMP','2022-06-13','13:30:00'),('CTOG-130','IH5898','CJU','2022-10-08','12:00:00','GMP','2022-10-08','13:30:00'),('CTOG-131','IH5898','CJU','2022-10-09','12:00:00','GMP','2022-10-09','13:30:00'),('CTOG-132','IH5898','CJU','2022-10-10','12:00:00','GMP','2022-10-10','13:30:00'),('CTOG-133','IH5898','CJU','2022-10-11','12:00:00','GMP','2022-10-11','13:30:00'),('CTOG-134','IH5898','CJU','2022-10-12','12:00:00','GMP','2022-10-12','13:30:00'),('CTOG-135','IH5898','CJU','2022-10-13','12:00:00','GMP','2022-10-13','13:30:00'),('CTOG-136','IH5898','CJU','2022-10-14','12:00:00','GMP','2022-10-14','13:30:00'),('CTOG-137','IH5898','CJU','2022-10-15','12:00:00','GMP','2022-10-15','13:30:00'),('CTOG-138','IH5898','CJU','2022-10-16','12:00:00','GMP','2022-10-16','13:30:00'),('CTOG-139','IH5898','CJU','2022-10-17','12:00:00','GMP','2022-10-17','13:30:00'),('CTOG-14','IH5898','CJU','2022-06-14','12:00:00','GMP','2022-06-14','13:30:00'),('CTOG-140','IH5898','CJU','2022-10-18','12:00:00','GMP','2022-10-18','13:30:00'),('CTOG-141','IH5898','CJU','2022-10-19','12:00:00','GMP','2022-10-19','13:30:00'),('CTOG-142','IH5898','CJU','2022-10-20','12:00:00','GMP','2022-10-20','13:30:00'),('CTOG-143','IH5898','CJU','2022-10-21','12:00:00','GMP','2022-10-21','13:30:00'),('CTOG-144','IH5898','CJU','2022-10-22','12:00:00','GMP','2022-10-22','13:30:00'),('CTOG-145','IH5898','CJU','2022-10-23','12:00:00','GMP','2022-10-23','13:30:00'),('CTOG-146','IH5898','CJU','2022-10-24','12:00:00','GMP','2022-10-24','13:30:00'),('CTOG-147','IH5898','CJU','2022-10-25','12:00:00','GMP','2022-10-25','13:30:00'),('CTOG-148','IH5898','CJU','2022-10-26','12:00:00','GMP','2022-10-26','13:30:00'),('CTOG-149','IH5898','CJU','2022-10-27','12:00:00','GMP','2022-10-27','13:30:00'),('CTOG-15','IH5898','CJU','2022-06-15','12:00:00','GMP','2022-06-15','13:30:00'),('CTOG-150','IH5898','CJU','2022-10-28','12:00:00','GMP','2022-10-28','13:30:00'),('CTOG-151','IH5898','CJU','2022-10-29','12:00:00','GMP','2022-10-29','13:30:00'),('CTOG-152','IH5898','CJU','2022-10-30','12:00:00','GMP','2022-10-30','13:30:00'),('CTOG-153','IH5898','CJU','2022-10-31','12:00:00','GMP','2022-10-31','13:30:00'),('CTOG-154','IH5898','CJU','2022-11-01','12:00:00','GMP','2022-11-01','13:30:00'),('CTOG-155','IH5898','CJU','2022-11-02','12:00:00','GMP','2022-11-02','13:30:00'),('CTOG-156','IH5898','CJU','2022-11-03','12:00:00','GMP','2022-11-03','13:30:00'),('CTOG-157','IH5898','CJU','2022-11-04','12:00:00','GMP','2022-11-04','13:30:00'),('CTOG-158','IH5898','CJU','2022-11-05','12:00:00','GMP','2022-11-05','13:30:00'),('CTOG-159','IH5898','CJU','2022-11-06','12:00:00','GMP','2022-11-06','13:30:00'),('CTOG-16','IH5898','CJU','2022-06-16','12:00:00','GMP','2022-06-16','13:30:00'),('CTOG-160','IH5898','CJU','2022-11-07','12:00:00','GMP','2022-11-07','13:30:00'),('CTOG-161','IH5898','CJU','2022-11-08','12:00:00','GMP','2022-11-08','13:30:00'),('CTOG-162','IH5898','CJU','2022-11-09','12:00:00','GMP','2022-11-09','13:30:00'),('CTOG-163','IH5898','CJU','2022-11-10','12:00:00','GMP','2022-11-10','13:30:00'),('CTOG-164','IH5898','CJU','2022-11-11','12:00:00','GMP','2022-11-11','13:30:00'),('CTOG-165','IH5898','CJU','2022-11-12','12:00:00','GMP','2022-11-12','13:30:00'),('CTOG-166','IH5898','CJU','2022-11-13','12:00:00','GMP','2022-11-13','13:30:00'),('CTOG-167','IH5898','CJU','2022-11-14','12:00:00','GMP','2022-11-14','13:30:00'),('CTOG-168','IH5898','CJU','2022-11-15','12:00:00','GMP','2022-11-15','13:30:00'),('CTOG-169','IH5898','CJU','2022-11-16','12:00:00','GMP','2022-11-16','13:30:00'),('CTOG-17','IH5898','CJU','2022-06-17','12:00:00','GMP','2022-06-17','13:30:00'),('CTOG-170','IH5898','CJU','2022-11-17','12:00:00','GMP','2022-11-17','13:30:00'),('CTOG-171','IH5898','CJU','2022-11-18','12:00:00','GMP','2022-11-18','13:30:00'),('CTOG-172','IH5898','CJU','2022-11-19','12:00:00','GMP','2022-11-19','13:30:00'),('CTOG-173','IH5898','CJU','2022-11-20','12:00:00','GMP','2022-11-20','13:30:00'),('CTOG-174','IH5898','CJU','2022-11-21','12:00:00','GMP','2022-11-21','13:30:00'),('CTOG-175','IH5898','CJU','2022-11-22','12:00:00','GMP','2022-11-22','13:30:00'),('CTOG-176','IH5898','CJU','2022-11-23','12:00:00','GMP','2022-11-23','13:30:00'),('CTOG-177','IH5898','CJU','2022-11-24','12:00:00','GMP','2022-11-24','13:30:00'),('CTOG-178','IH5898','CJU','2022-11-25','12:00:00','GMP','2022-11-25','13:30:00'),('CTOG-179','IH5898','CJU','2022-11-26','12:00:00','GMP','2022-11-26','13:30:00'),('CTOG-18','IH5898','CJU','2022-06-18','12:00:00','GMP','2022-06-18','13:30:00'),('CTOG-180','IH5898','CJU','2022-11-27','12:00:00','GMP','2022-11-27','13:30:00'),('CTOG-181','IH5898','CJU','2022-11-28','12:00:00','GMP','2022-11-28','13:30:00'),('CTOG-182','IH5898','CJU','2022-11-29','12:00:00','GMP','2022-11-29','13:30:00'),('CTOG-183','IH5898','CJU','2022-11-30','12:00:00','GMP','2022-11-30','13:30:00'),('CTOG-184','IH5898','CJU','2022-12-01','12:00:00','GMP','2022-12-01','13:30:00'),('CTOG-185','IH5898','CJU','2022-12-02','12:00:00','GMP','2022-12-02','13:30:00'),('CTOG-186','IH5898','CJU','2022-12-03','12:00:00','GMP','2022-12-03','13:30:00'),('CTOG-187','IH5898','CJU','2022-12-04','12:00:00','GMP','2022-12-04','13:30:00'),('CTOG-188','IH5898','CJU','2022-12-05','12:00:00','GMP','2022-12-05','13:30:00'),('CTOG-189','IH5898','CJU','2022-12-06','12:00:00','GMP','2022-12-06','13:30:00'),('CTOG-19','IH5898','CJU','2022-06-19','12:00:00','GMP','2022-06-19','13:30:00'),('CTOG-190','IH5898','CJU','2022-12-07','12:00:00','GMP','2022-12-07','13:30:00'),('CTOG-191','IH5898','CJU','2022-12-08','12:00:00','GMP','2022-12-08','13:30:00'),('CTOG-192','IH5898','CJU','2022-12-09','12:00:00','GMP','2022-12-09','13:30:00'),('CTOG-193','IH5898','CJU','2022-12-10','12:00:00','GMP','2022-12-10','13:30:00'),('CTOG-194','IH5898','CJU','2022-12-11','12:00:00','GMP','2022-12-11','13:30:00'),('CTOG-195','IH5898','CJU','2022-12-12','12:00:00','GMP','2022-12-12','13:30:00'),('CTOG-196','IH5898','CJU','2022-12-13','12:00:00','GMP','2022-12-13','13:30:00'),('CTOG-197','IH5898','CJU','2022-12-14','12:00:00','GMP','2022-12-14','13:30:00'),('CTOG-198','IH5898','CJU','2022-12-15','12:00:00','GMP','2022-12-15','13:30:00'),('CTOG-199','IH5898','CJU','2022-12-16','12:00:00','GMP','2022-12-16','13:30:00'),('CTOG-2','IH5898','CJU','2022-06-02','12:00:00','GMP','2022-06-02','13:30:00'),('CTOG-20','IH5898','CJU','2022-06-20','12:00:00','GMP','2022-06-20','13:30:00'),('CTOG-200','IH5898','CJU','2022-12-17','12:00:00','GMP','2022-12-17','13:30:00'),('CTOG-201','IH5898','CJU','2022-12-18','12:00:00','GMP','2022-12-18','13:30:00'),('CTOG-202','IH5898','CJU','2022-12-19','12:00:00','GMP','2022-12-19','13:30:00'),('CTOG-203','IH5898','CJU','2022-12-20','12:00:00','GMP','2022-12-20','13:30:00'),('CTOG-204','IH5898','CJU','2022-12-21','12:00:00','GMP','2022-12-21','13:30:00'),('CTOG-205','IH5898','CJU','2022-12-22','12:00:00','GMP','2022-12-22','13:30:00'),('CTOG-206','IH5898','CJU','2022-12-23','12:00:00','GMP','2022-12-23','13:30:00'),('CTOG-207','IH5898','CJU','2022-12-24','12:00:00','GMP','2022-12-24','13:30:00'),('CTOG-208','IH5898','CJU','2022-12-25','12:00:00','GMP','2022-12-25','13:30:00'),('CTOG-209','IH5898','CJU','2022-12-26','12:00:00','GMP','2022-12-26','13:30:00'),('CTOG-21','IH5898','CJU','2022-06-21','12:00:00','GMP','2022-06-21','13:30:00'),('CTOG-210','IH5898','CJU','2022-12-27','12:00:00','GMP','2022-12-27','13:30:00'),('CTOG-211','IH5898','CJU','2022-12-28','12:00:00','GMP','2022-12-28','13:30:00'),('CTOG-212','IH5898','CJU','2022-12-29','12:00:00','GMP','2022-12-29','13:30:00'),('CTOG-213','IH5898','CJU','2022-12-30','12:00:00','GMP','2022-12-30','13:30:00'),('CTOG-214','IH5898','CJU','2022-12-31','12:00:00','GMP','2022-12-31','13:30:00'),('CTOG-22','IH5898','CJU','2022-06-22','12:00:00','GMP','2022-06-22','13:30:00'),('CTOG-23','IH5898','CJU','2022-06-23','12:00:00','GMP','2022-06-23','13:30:00'),('CTOG-24','IH5898','CJU','2022-06-24','12:00:00','GMP','2022-06-24','13:30:00'),('CTOG-25','IH5898','CJU','2022-06-25','12:00:00','GMP','2022-06-25','13:30:00'),('CTOG-26','IH5898','CJU','2022-06-26','12:00:00','GMP','2022-06-26','13:30:00'),('CTOG-27','IH5898','CJU','2022-06-27','12:00:00','GMP','2022-06-27','13:30:00'),('CTOG-28','IH5898','CJU','2022-06-28','12:00:00','GMP','2022-06-28','13:30:00'),('CTOG-29','IH5898','CJU','2022-06-29','12:00:00','GMP','2022-06-29','13:30:00'),('CTOG-3','IH5898','CJU','2022-06-03','12:00:00','GMP','2022-06-03','13:30:00'),('CTOG-30','IH5898','CJU','2022-06-30','12:00:00','GMP','2022-06-30','13:30:00'),('CTOG-31','IH5898','CJU','2022-07-01','12:00:00','GMP','2022-07-01','13:30:00'),('CTOG-32','IH5898','CJU','2022-07-02','12:00:00','GMP','2022-07-02','13:30:00'),('CTOG-33','IH5898','CJU','2022-07-03','12:00:00','GMP','2022-07-03','13:30:00'),('CTOG-34','IH5898','CJU','2022-07-04','12:00:00','GMP','2022-07-04','13:30:00'),('CTOG-35','IH5898','CJU','2022-07-05','12:00:00','GMP','2022-07-05','13:30:00'),('CTOG-36','IH5898','CJU','2022-07-06','12:00:00','GMP','2022-07-06','13:30:00'),('CTOG-37','IH5898','CJU','2022-07-07','12:00:00','GMP','2022-07-07','13:30:00'),('CTOG-38','IH5898','CJU','2022-07-08','12:00:00','GMP','2022-07-08','13:30:00'),('CTOG-39','IH5898','CJU','2022-07-09','12:00:00','GMP','2022-07-09','13:30:00'),('CTOG-4','IH5898','CJU','2022-06-04','12:00:00','GMP','2022-06-04','13:30:00'),('CTOG-40','IH5898','CJU','2022-07-10','12:00:00','GMP','2022-07-10','13:30:00'),('CTOG-41','IH5898','CJU','2022-07-11','12:00:00','GMP','2022-07-11','13:30:00'),('CTOG-42','IH5898','CJU','2022-07-12','12:00:00','GMP','2022-07-12','13:30:00'),('CTOG-43','IH5898','CJU','2022-07-13','12:00:00','GMP','2022-07-13','13:30:00'),('CTOG-44','IH5898','CJU','2022-07-14','12:00:00','GMP','2022-07-14','13:30:00'),('CTOG-45','IH5898','CJU','2022-07-15','12:00:00','GMP','2022-07-15','13:30:00'),('CTOG-46','IH5898','CJU','2022-07-16','12:00:00','GMP','2022-07-16','13:30:00'),('CTOG-47','IH5898','CJU','2022-07-17','12:00:00','GMP','2022-07-17','13:30:00'),('CTOG-48','IH5898','CJU','2022-07-18','12:00:00','GMP','2022-07-18','13:30:00'),('CTOG-49','IH5898','CJU','2022-07-19','12:00:00','GMP','2022-07-19','13:30:00'),('CTOG-5','IH5898','CJU','2022-06-05','12:00:00','GMP','2022-06-05','13:30:00'),('CTOG-50','IH5898','CJU','2022-07-20','12:00:00','GMP','2022-07-20','13:30:00'),('CTOG-51','IH5898','CJU','2022-07-21','12:00:00','GMP','2022-07-21','13:30:00'),('CTOG-52','IH5898','CJU','2022-07-22','12:00:00','GMP','2022-07-22','13:30:00'),('CTOG-53','IH5898','CJU','2022-07-23','12:00:00','GMP','2022-07-23','13:30:00'),('CTOG-54','IH5898','CJU','2022-07-24','12:00:00','GMP','2022-07-24','13:30:00'),('CTOG-55','IH5898','CJU','2022-07-25','12:00:00','GMP','2022-07-25','13:30:00'),('CTOG-56','IH5898','CJU','2022-07-26','12:00:00','GMP','2022-07-26','13:30:00'),('CTOG-57','IH5898','CJU','2022-07-27','12:00:00','GMP','2022-07-27','13:30:00'),('CTOG-58','IH5898','CJU','2022-07-28','12:00:00','GMP','2022-07-28','13:30:00'),('CTOG-59','IH5898','CJU','2022-07-29','12:00:00','GMP','2022-07-29','13:30:00'),('CTOG-6','IH5898','CJU','2022-06-06','12:00:00','GMP','2022-06-06','13:30:00'),('CTOG-60','IH5898','CJU','2022-07-30','12:00:00','GMP','2022-07-30','13:30:00'),('CTOG-61','IH5898','CJU','2022-07-31','12:00:00','GMP','2022-07-31','13:30:00'),('CTOG-62','IH5898','CJU','2022-08-01','12:00:00','GMP','2022-08-01','13:30:00'),('CTOG-63','IH5898','CJU','2022-08-02','12:00:00','GMP','2022-08-02','13:30:00'),('CTOG-64','IH5898','CJU','2022-08-03','12:00:00','GMP','2022-08-03','13:30:00'),('CTOG-65','IH5898','CJU','2022-08-04','12:00:00','GMP','2022-08-04','13:30:00'),('CTOG-66','IH5898','CJU','2022-08-05','12:00:00','GMP','2022-08-05','13:30:00'),('CTOG-67','IH5898','CJU','2022-08-06','12:00:00','GMP','2022-08-06','13:30:00'),('CTOG-68','IH5898','CJU','2022-08-07','12:00:00','GMP','2022-08-07','13:30:00'),('CTOG-69','IH5898','CJU','2022-08-08','12:00:00','GMP','2022-08-08','13:30:00'),('CTOG-7','IH5898','CJU','2022-06-07','12:00:00','GMP','2022-06-07','13:30:00'),('CTOG-70','IH5898','CJU','2022-08-09','12:00:00','GMP','2022-08-09','13:30:00'),('CTOG-71','IH5898','CJU','2022-08-10','12:00:00','GMP','2022-08-10','13:30:00'),('CTOG-72','IH5898','CJU','2022-08-11','12:00:00','GMP','2022-08-11','13:30:00'),('CTOG-73','IH5898','CJU','2022-08-12','12:00:00','GMP','2022-08-12','13:30:00'),('CTOG-74','IH5898','CJU','2022-08-13','12:00:00','GMP','2022-08-13','13:30:00'),('CTOG-75','IH5898','CJU','2022-08-14','12:00:00','GMP','2022-08-14','13:30:00'),('CTOG-76','IH5898','CJU','2022-08-15','12:00:00','GMP','2022-08-15','13:30:00'),('CTOG-77','IH5898','CJU','2022-08-16','12:00:00','GMP','2022-08-16','13:30:00'),('CTOG-78','IH5898','CJU','2022-08-17','12:00:00','GMP','2022-08-17','13:30:00'),('CTOG-79','IH5898','CJU','2022-08-18','12:00:00','GMP','2022-08-18','13:30:00'),('CTOG-8','IH5898','CJU','2022-06-08','12:00:00','GMP','2022-06-08','13:30:00'),('CTOG-80','IH5898','CJU','2022-08-19','12:00:00','GMP','2022-08-19','13:30:00'),('CTOG-81','IH5898','CJU','2022-08-20','12:00:00','GMP','2022-08-20','13:30:00'),('CTOG-82','IH5898','CJU','2022-08-21','12:00:00','GMP','2022-08-21','13:30:00'),('CTOG-83','IH5898','CJU','2022-08-22','12:00:00','GMP','2022-08-22','13:30:00'),('CTOG-84','IH5898','CJU','2022-08-23','12:00:00','GMP','2022-08-23','13:30:00'),('CTOG-85','IH5898','CJU','2022-08-24','12:00:00','GMP','2022-08-24','13:30:00'),('CTOG-86','IH5898','CJU','2022-08-25','12:00:00','GMP','2022-08-25','13:30:00'),('CTOG-87','IH5898','CJU','2022-08-26','12:00:00','GMP','2022-08-26','13:30:00'),('CTOG-88','IH5898','CJU','2022-08-27','12:00:00','GMP','2022-08-27','13:30:00'),('CTOG-89','IH5898','CJU','2022-08-28','12:00:00','GMP','2022-08-28','13:30:00'),('CTOG-9','IH5898','CJU','2022-06-09','12:00:00','GMP','2022-06-09','13:30:00'),('CTOG-90','IH5898','CJU','2022-08-29','12:00:00','GMP','2022-08-29','13:30:00'),('CTOG-91','IH5898','CJU','2022-08-30','12:00:00','GMP','2022-08-30','13:30:00'),('CTOG-92','IH5898','CJU','2022-08-31','12:00:00','GMP','2022-08-31','13:30:00'),('CTOG-93','IH5898','CJU','2022-09-01','12:00:00','GMP','2022-09-01','13:30:00'),('CTOG-94','IH5898','CJU','2022-09-02','12:00:00','GMP','2022-09-02','13:30:00'),('CTOG-95','IH5898','CJU','2022-09-03','12:00:00','GMP','2022-09-03','13:30:00'),('CTOG-96','IH5898','CJU','2022-09-04','12:00:00','GMP','2022-09-04','13:30:00'),('CTOG-97','IH5898','CJU','2022-09-05','12:00:00','GMP','2022-09-05','13:30:00'),('CTOG-98','IH5898','CJU','2022-09-06','12:00:00','GMP','2022-09-06','13:30:00'),('CTOG-99','IH5898','CJU','2022-09-07','12:00:00','GMP','2022-09-07','13:30:00'),('GTOC-1','IH8985','GMP','2022-06-01','15:30:00','CJU','2022-06-01','16:50:00'),('GTOC-10','IH8985','GMP','2022-06-10','15:30:00','CJU','2022-06-10','16:50:00'),('GTOC-100','IH8985','GMP','2022-09-08','15:30:00','CJU','2022-09-08','16:50:00'),('GTOC-101','IH8985','GMP','2022-09-09','15:30:00','CJU','2022-09-09','16:50:00'),('GTOC-102','IH8985','GMP','2022-09-10','15:30:00','CJU','2022-09-10','16:50:00'),('GTOC-103','IH8985','GMP','2022-09-11','15:30:00','CJU','2022-09-11','16:50:00'),('GTOC-104','IH8985','GMP','2022-09-12','15:30:00','CJU','2022-09-12','16:50:00'),('GTOC-105','IH8985','GMP','2022-09-13','15:30:00','CJU','2022-09-13','16:50:00'),('GTOC-106','IH8985','GMP','2022-09-14','15:30:00','CJU','2022-09-14','16:50:00'),('GTOC-107','IH8985','GMP','2022-09-15','15:30:00','CJU','2022-09-15','16:50:00'),('GTOC-108','IH8985','GMP','2022-09-16','15:30:00','CJU','2022-09-16','16:50:00'),('GTOC-109','IH8985','GMP','2022-09-17','15:30:00','CJU','2022-09-17','16:50:00'),('GTOC-11','IH8985','GMP','2022-06-11','15:30:00','CJU','2022-06-11','16:50:00'),('GTOC-110','IH8985','GMP','2022-09-18','15:30:00','CJU','2022-09-18','16:50:00'),('GTOC-111','IH8985','GMP','2022-09-19','15:30:00','CJU','2022-09-19','16:50:00'),('GTOC-112','IH8985','GMP','2022-09-20','15:30:00','CJU','2022-09-20','16:50:00'),('GTOC-113','IH8985','GMP','2022-09-21','15:30:00','CJU','2022-09-21','16:50:00'),('GTOC-114','IH8985','GMP','2022-09-22','15:30:00','CJU','2022-09-22','16:50:00'),('GTOC-115','IH8985','GMP','2022-09-23','15:30:00','CJU','2022-09-23','16:50:00'),('GTOC-116','IH8985','GMP','2022-09-24','15:30:00','CJU','2022-09-24','16:50:00'),('GTOC-117','IH8985','GMP','2022-09-25','15:30:00','CJU','2022-09-25','16:50:00'),('GTOC-118','IH8985','GMP','2022-09-26','15:30:00','CJU','2022-09-26','16:50:00'),('GTOC-119','IH8985','GMP','2022-09-27','15:30:00','CJU','2022-09-27','16:50:00'),('GTOC-12','IH8985','GMP','2022-06-12','15:30:00','CJU','2022-06-12','16:50:00'),('GTOC-120','IH8985','GMP','2022-09-28','15:30:00','CJU','2022-09-28','16:50:00'),('GTOC-121','IH8985','GMP','2022-09-29','15:30:00','CJU','2022-09-29','16:50:00'),('GTOC-122','IH8985','GMP','2022-09-30','15:30:00','CJU','2022-09-30','16:50:00'),('GTOC-123','IH8985','GMP','2022-10-01','15:30:00','CJU','2022-10-01','16:50:00'),('GTOC-124','IH8985','GMP','2022-10-02','15:30:00','CJU','2022-10-02','16:50:00'),('GTOC-125','IH8985','GMP','2022-10-03','15:30:00','CJU','2022-10-03','16:50:00'),('GTOC-126','IH8985','GMP','2022-10-04','15:30:00','CJU','2022-10-04','16:50:00'),('GTOC-127','IH8985','GMP','2022-10-05','15:30:00','CJU','2022-10-05','16:50:00'),('GTOC-128','IH8985','GMP','2022-10-06','15:30:00','CJU','2022-10-06','16:50:00'),('GTOC-129','IH8985','GMP','2022-10-07','15:30:00','CJU','2022-10-07','16:50:00'),('GTOC-13','IH8985','GMP','2022-06-13','15:30:00','CJU','2022-06-13','16:50:00'),('GTOC-130','IH8985','GMP','2022-10-08','15:30:00','CJU','2022-10-08','16:50:00'),('GTOC-131','IH8985','GMP','2022-10-09','15:30:00','CJU','2022-10-09','16:50:00'),('GTOC-132','IH8985','GMP','2022-10-10','15:30:00','CJU','2022-10-10','16:50:00'),('GTOC-133','IH8985','GMP','2022-10-11','15:30:00','CJU','2022-10-11','16:50:00'),('GTOC-134','IH8985','GMP','2022-10-12','15:30:00','CJU','2022-10-12','16:50:00'),('GTOC-135','IH8985','GMP','2022-10-13','15:30:00','CJU','2022-10-13','16:50:00'),('GTOC-136','IH8985','GMP','2022-10-14','15:30:00','CJU','2022-10-14','16:50:00'),('GTOC-137','IH8985','GMP','2022-10-15','15:30:00','CJU','2022-10-15','16:50:00'),('GTOC-138','IH8985','GMP','2022-10-16','15:30:00','CJU','2022-10-16','16:50:00'),('GTOC-139','IH8985','GMP','2022-10-17','15:30:00','CJU','2022-10-17','16:50:00'),('GTOC-14','IH8985','GMP','2022-06-14','15:30:00','CJU','2022-06-14','16:50:00'),('GTOC-140','IH8985','GMP','2022-10-18','15:30:00','CJU','2022-10-18','16:50:00'),('GTOC-141','IH8985','GMP','2022-10-19','15:30:00','CJU','2022-10-19','16:50:00'),('GTOC-142','IH8985','GMP','2022-10-20','15:30:00','CJU','2022-10-20','16:50:00'),('GTOC-143','IH8985','GMP','2022-10-21','15:30:00','CJU','2022-10-21','16:50:00'),('GTOC-144','IH8985','GMP','2022-10-22','15:30:00','CJU','2022-10-22','16:50:00'),('GTOC-145','IH8985','GMP','2022-10-23','15:30:00','CJU','2022-10-23','16:50:00'),('GTOC-146','IH8985','GMP','2022-10-24','15:30:00','CJU','2022-10-24','16:50:00'),('GTOC-147','IH8985','GMP','2022-10-25','15:30:00','CJU','2022-10-25','16:50:00'),('GTOC-148','IH8985','GMP','2022-10-26','15:30:00','CJU','2022-10-26','16:50:00'),('GTOC-149','IH8985','GMP','2022-10-27','15:30:00','CJU','2022-10-27','16:50:00'),('GTOC-15','IH8985','GMP','2022-06-15','15:30:00','CJU','2022-06-15','16:50:00'),('GTOC-150','IH8985','GMP','2022-10-28','15:30:00','CJU','2022-10-28','16:50:00'),('GTOC-151','IH8985','GMP','2022-10-29','15:30:00','CJU','2022-10-29','16:50:00'),('GTOC-152','IH8985','GMP','2022-10-30','15:30:00','CJU','2022-10-30','16:50:00'),('GTOC-153','IH8985','GMP','2022-10-31','15:30:00','CJU','2022-10-31','16:50:00'),('GTOC-154','IH8985','GMP','2022-11-01','15:30:00','CJU','2022-11-01','16:50:00'),('GTOC-155','IH8985','GMP','2022-11-02','15:30:00','CJU','2022-11-02','16:50:00'),('GTOC-156','IH8985','GMP','2022-11-03','15:30:00','CJU','2022-11-03','16:50:00'),('GTOC-157','IH8985','GMP','2022-11-04','15:30:00','CJU','2022-11-04','16:50:00'),('GTOC-158','IH8985','GMP','2022-11-05','15:30:00','CJU','2022-11-05','16:50:00'),('GTOC-159','IH8985','GMP','2022-11-06','15:30:00','CJU','2022-11-06','16:50:00'),('GTOC-16','IH8985','GMP','2022-06-16','15:30:00','CJU','2022-06-16','16:50:00'),('GTOC-160','IH8985','GMP','2022-11-07','15:30:00','CJU','2022-11-07','16:50:00'),('GTOC-161','IH8985','GMP','2022-11-08','15:30:00','CJU','2022-11-08','16:50:00'),('GTOC-162','IH8985','GMP','2022-11-09','15:30:00','CJU','2022-11-09','16:50:00'),('GTOC-163','IH8985','GMP','2022-11-10','15:30:00','CJU','2022-11-10','16:50:00'),('GTOC-164','IH8985','GMP','2022-11-11','15:30:00','CJU','2022-11-11','16:50:00'),('GTOC-165','IH8985','GMP','2022-11-12','15:30:00','CJU','2022-11-12','16:50:00'),('GTOC-166','IH8985','GMP','2022-11-13','15:30:00','CJU','2022-11-13','16:50:00'),('GTOC-167','IH8985','GMP','2022-11-14','15:30:00','CJU','2022-11-14','16:50:00'),('GTOC-168','IH8985','GMP','2022-11-15','15:30:00','CJU','2022-11-15','16:50:00'),('GTOC-169','IH8985','GMP','2022-11-16','15:30:00','CJU','2022-11-16','16:50:00'),('GTOC-17','IH8985','GMP','2022-06-17','15:30:00','CJU','2022-06-17','16:50:00'),('GTOC-170','IH8985','GMP','2022-11-17','15:30:00','CJU','2022-11-17','16:50:00'),('GTOC-171','IH8985','GMP','2022-11-18','15:30:00','CJU','2022-11-18','16:50:00'),('GTOC-172','IH8985','GMP','2022-11-19','15:30:00','CJU','2022-11-19','16:50:00'),('GTOC-173','IH8985','GMP','2022-11-20','15:30:00','CJU','2022-11-20','16:50:00'),('GTOC-174','IH8985','GMP','2022-11-21','15:30:00','CJU','2022-11-21','16:50:00'),('GTOC-175','IH8985','GMP','2022-11-22','15:30:00','CJU','2022-11-22','16:50:00'),('GTOC-176','IH8985','GMP','2022-11-23','15:30:00','CJU','2022-11-23','16:50:00'),('GTOC-177','IH8985','GMP','2022-11-24','15:30:00','CJU','2022-11-24','16:50:00'),('GTOC-178','IH8985','GMP','2022-11-25','15:30:00','CJU','2022-11-25','16:50:00'),('GTOC-179','IH8985','GMP','2022-11-26','15:30:00','CJU','2022-11-26','16:50:00'),('GTOC-18','IH8985','GMP','2022-06-18','15:30:00','CJU','2022-06-18','16:50:00'),('GTOC-180','IH8985','GMP','2022-11-27','15:30:00','CJU','2022-11-27','16:50:00'),('GTOC-181','IH8985','GMP','2022-11-28','15:30:00','CJU','2022-11-28','16:50:00'),('GTOC-182','IH8985','GMP','2022-11-29','15:30:00','CJU','2022-11-29','16:50:00'),('GTOC-183','IH8985','GMP','2022-11-30','15:30:00','CJU','2022-11-30','16:50:00'),('GTOC-184','IH8985','GMP','2022-12-01','15:30:00','CJU','2022-12-01','16:50:00'),('GTOC-185','IH8985','GMP','2022-12-02','15:30:00','CJU','2022-12-02','16:50:00'),('GTOC-186','IH8985','GMP','2022-12-03','15:30:00','CJU','2022-12-03','16:50:00'),('GTOC-187','IH8985','GMP','2022-12-04','15:30:00','CJU','2022-12-04','16:50:00'),('GTOC-188','IH8985','GMP','2022-12-05','15:30:00','CJU','2022-12-05','16:50:00'),('GTOC-189','IH8985','GMP','2022-12-06','15:30:00','CJU','2022-12-06','16:50:00'),('GTOC-19','IH8985','GMP','2022-06-19','15:30:00','CJU','2022-06-19','16:50:00'),('GTOC-190','IH8985','GMP','2022-12-07','15:30:00','CJU','2022-12-07','16:50:00'),('GTOC-191','IH8985','GMP','2022-12-08','15:30:00','CJU','2022-12-08','16:50:00'),('GTOC-192','IH8985','GMP','2022-12-09','15:30:00','CJU','2022-12-09','16:50:00'),('GTOC-193','IH8985','GMP','2022-12-10','15:30:00','CJU','2022-12-10','16:50:00'),('GTOC-194','IH8985','GMP','2022-12-11','15:30:00','CJU','2022-12-11','16:50:00'),('GTOC-195','IH8985','GMP','2022-12-12','15:30:00','CJU','2022-12-12','16:50:00'),('GTOC-196','IH8985','GMP','2022-12-13','15:30:00','CJU','2022-12-13','16:50:00'),('GTOC-197','IH8985','GMP','2022-12-14','15:30:00','CJU','2022-12-14','16:50:00'),('GTOC-198','IH8985','GMP','2022-12-15','15:30:00','CJU','2022-12-15','16:50:00'),('GTOC-199','IH8985','GMP','2022-12-16','15:30:00','CJU','2022-12-16','16:50:00'),('GTOC-2','IH8985','GMP','2022-06-02','15:30:00','CJU','2022-06-02','16:50:00'),('GTOC-20','IH8985','GMP','2022-06-20','15:30:00','CJU','2022-06-20','16:50:00'),('GTOC-200','IH8985','GMP','2022-12-17','15:30:00','CJU','2022-12-17','16:50:00'),('GTOC-201','IH8985','GMP','2022-12-18','15:30:00','CJU','2022-12-18','16:50:00'),('GTOC-202','IH8985','GMP','2022-12-19','15:30:00','CJU','2022-12-19','16:50:00'),('GTOC-203','IH8985','GMP','2022-12-20','15:30:00','CJU','2022-12-20','16:50:00'),('GTOC-204','IH8985','GMP','2022-12-21','15:30:00','CJU','2022-12-21','16:50:00'),('GTOC-205','IH8985','GMP','2022-12-22','15:30:00','CJU','2022-12-22','16:50:00'),('GTOC-206','IH8985','GMP','2022-12-23','15:30:00','CJU','2022-12-23','16:50:00'),('GTOC-207','IH8985','GMP','2022-12-24','15:30:00','CJU','2022-12-24','16:50:00'),('GTOC-208','IH8985','GMP','2022-12-25','15:30:00','CJU','2022-12-25','16:50:00'),('GTOC-209','IH8985','GMP','2022-12-26','15:30:00','CJU','2022-12-26','16:50:00'),('GTOC-21','IH8985','GMP','2022-06-21','15:30:00','CJU','2022-06-21','16:50:00'),('GTOC-210','IH8985','GMP','2022-12-27','15:30:00','CJU','2022-12-27','16:50:00'),('GTOC-211','IH8985','GMP','2022-12-28','15:30:00','CJU','2022-12-28','16:50:00'),('GTOC-212','IH8985','GMP','2022-12-29','15:30:00','CJU','2022-12-29','16:50:00'),('GTOC-213','IH8985','GMP','2022-12-30','15:30:00','CJU','2022-12-30','16:50:00'),('GTOC-214','IH8985','GMP','2022-12-31','15:30:00','CJU','2022-12-31','16:50:00'),('GTOC-22','IH8985','GMP','2022-06-22','15:30:00','CJU','2022-06-22','16:50:00'),('GTOC-23','IH8985','GMP','2022-06-23','15:30:00','CJU','2022-06-23','16:50:00'),('GTOC-24','IH8985','GMP','2022-06-24','15:30:00','CJU','2022-06-24','16:50:00'),('GTOC-25','IH8985','GMP','2022-06-25','15:30:00','CJU','2022-06-25','16:50:00'),('GTOC-26','IH8985','GMP','2022-06-26','15:30:00','CJU','2022-06-26','16:50:00'),('GTOC-27','IH8985','GMP','2022-06-27','15:30:00','CJU','2022-06-27','16:50:00'),('GTOC-28','IH8985','GMP','2022-06-28','15:30:00','CJU','2022-06-28','16:50:00'),('GTOC-29','IH8985','GMP','2022-06-29','15:30:00','CJU','2022-06-29','16:50:00'),('GTOC-3','IH8985','GMP','2022-06-03','15:30:00','CJU','2022-06-03','16:50:00'),('GTOC-30','IH8985','GMP','2022-06-30','15:30:00','CJU','2022-06-30','16:50:00'),('GTOC-31','IH8985','GMP','2022-07-01','15:30:00','CJU','2022-07-01','16:50:00'),('GTOC-32','IH8985','GMP','2022-07-02','15:30:00','CJU','2022-07-02','16:50:00'),('GTOC-33','IH8985','GMP','2022-07-03','15:30:00','CJU','2022-07-03','16:50:00'),('GTOC-34','IH8985','GMP','2022-07-04','15:30:00','CJU','2022-07-04','16:50:00'),('GTOC-35','IH8985','GMP','2022-07-05','15:30:00','CJU','2022-07-05','16:50:00'),('GTOC-36','IH8985','GMP','2022-07-06','15:30:00','CJU','2022-07-06','16:50:00'),('GTOC-37','IH8985','GMP','2022-07-07','15:30:00','CJU','2022-07-07','16:50:00'),('GTOC-38','IH8985','GMP','2022-07-08','15:30:00','CJU','2022-07-08','16:50:00'),('GTOC-39','IH8985','GMP','2022-07-09','15:30:00','CJU','2022-07-09','16:50:00'),('GTOC-4','IH8985','GMP','2022-06-04','15:30:00','CJU','2022-06-04','16:50:00'),('GTOC-40','IH8985','GMP','2022-07-10','15:30:00','CJU','2022-07-10','16:50:00'),('GTOC-41','IH8985','GMP','2022-07-11','15:30:00','CJU','2022-07-11','16:50:00'),('GTOC-42','IH8985','GMP','2022-07-12','15:30:00','CJU','2022-07-12','16:50:00'),('GTOC-43','IH8985','GMP','2022-07-13','15:30:00','CJU','2022-07-13','16:50:00'),('GTOC-44','IH8985','GMP','2022-07-14','15:30:00','CJU','2022-07-14','16:50:00'),('GTOC-45','IH8985','GMP','2022-07-15','15:30:00','CJU','2022-07-15','16:50:00'),('GTOC-46','IH8985','GMP','2022-07-16','15:30:00','CJU','2022-07-16','16:50:00'),('GTOC-47','IH8985','GMP','2022-07-17','15:30:00','CJU','2022-07-17','16:50:00'),('GTOC-48','IH8985','GMP','2022-07-18','15:30:00','CJU','2022-07-18','16:50:00'),('GTOC-49','IH8985','GMP','2022-07-19','15:30:00','CJU','2022-07-19','16:50:00'),('GTOC-5','IH8985','GMP','2022-06-05','15:30:00','CJU','2022-06-05','16:50:00'),('GTOC-50','IH8985','GMP','2022-07-20','15:30:00','CJU','2022-07-20','16:50:00'),('GTOC-51','IH8985','GMP','2022-07-21','15:30:00','CJU','2022-07-21','16:50:00'),('GTOC-52','IH8985','GMP','2022-07-22','15:30:00','CJU','2022-07-22','16:50:00'),('GTOC-53','IH8985','GMP','2022-07-23','15:30:00','CJU','2022-07-23','16:50:00'),('GTOC-54','IH8985','GMP','2022-07-24','15:30:00','CJU','2022-07-24','16:50:00'),('GTOC-55','IH8985','GMP','2022-07-25','15:30:00','CJU','2022-07-25','16:50:00'),('GTOC-56','IH8985','GMP','2022-07-26','15:30:00','CJU','2022-07-26','16:50:00'),('GTOC-57','IH8985','GMP','2022-07-27','15:30:00','CJU','2022-07-27','16:50:00'),('GTOC-58','IH8985','GMP','2022-07-28','15:30:00','CJU','2022-07-28','16:50:00'),('GTOC-59','IH8985','GMP','2022-07-29','15:30:00','CJU','2022-07-29','16:50:00'),('GTOC-6','IH8985','GMP','2022-06-06','15:30:00','CJU','2022-06-06','16:50:00'),('GTOC-60','IH8985','GMP','2022-07-30','15:30:00','CJU','2022-07-30','16:50:00'),('GTOC-61','IH8985','GMP','2022-07-31','15:30:00','CJU','2022-07-31','16:50:00'),('GTOC-62','IH8985','GMP','2022-08-01','15:30:00','CJU','2022-08-01','16:50:00'),('GTOC-63','IH8985','GMP','2022-08-02','15:30:00','CJU','2022-08-02','16:50:00'),('GTOC-64','IH8985','GMP','2022-08-03','15:30:00','CJU','2022-08-03','16:50:00'),('GTOC-65','IH8985','GMP','2022-08-04','15:30:00','CJU','2022-08-04','16:50:00'),('GTOC-66','IH8985','GMP','2022-08-05','15:30:00','CJU','2022-08-05','16:50:00'),('GTOC-67','IH8985','GMP','2022-08-06','15:30:00','CJU','2022-08-06','16:50:00'),('GTOC-68','IH8985','GMP','2022-08-07','15:30:00','CJU','2022-08-07','16:50:00'),('GTOC-69','IH8985','GMP','2022-08-08','15:30:00','CJU','2022-08-08','16:50:00'),('GTOC-7','IH8985','GMP','2022-06-07','15:30:00','CJU','2022-06-07','16:50:00'),('GTOC-70','IH8985','GMP','2022-08-09','15:30:00','CJU','2022-08-09','16:50:00'),('GTOC-71','IH8985','GMP','2022-08-10','15:30:00','CJU','2022-08-10','16:50:00'),('GTOC-72','IH8985','GMP','2022-08-11','15:30:00','CJU','2022-08-11','16:50:00'),('GTOC-73','IH8985','GMP','2022-08-12','15:30:00','CJU','2022-08-12','16:50:00'),('GTOC-74','IH8985','GMP','2022-08-13','15:30:00','CJU','2022-08-13','16:50:00'),('GTOC-75','IH8985','GMP','2022-08-14','15:30:00','CJU','2022-08-14','16:50:00'),('GTOC-76','IH8985','GMP','2022-08-15','15:30:00','CJU','2022-08-15','16:50:00'),('GTOC-77','IH8985','GMP','2022-08-16','15:30:00','CJU','2022-08-16','16:50:00'),('GTOC-78','IH8985','GMP','2022-08-17','15:30:00','CJU','2022-08-17','16:50:00'),('GTOC-79','IH8985','GMP','2022-08-18','15:30:00','CJU','2022-08-18','16:50:00'),('GTOC-8','IH8985','GMP','2022-06-08','15:30:00','CJU','2022-06-08','16:50:00'),('GTOC-80','IH8985','GMP','2022-08-19','15:30:00','CJU','2022-08-19','16:50:00'),('GTOC-81','IH8985','GMP','2022-08-20','15:30:00','CJU','2022-08-20','16:50:00'),('GTOC-82','IH8985','GMP','2022-08-21','15:30:00','CJU','2022-08-21','16:50:00'),('GTOC-83','IH8985','GMP','2022-08-22','15:30:00','CJU','2022-08-22','16:50:00'),('GTOC-84','IH8985','GMP','2022-08-23','15:30:00','CJU','2022-08-23','16:50:00'),('GTOC-85','IH8985','GMP','2022-08-24','15:30:00','CJU','2022-08-24','16:50:00'),('GTOC-86','IH8985','GMP','2022-08-25','15:30:00','CJU','2022-08-25','16:50:00'),('GTOC-87','IH8985','GMP','2022-08-26','15:30:00','CJU','2022-08-26','16:50:00'),('GTOC-88','IH8985','GMP','2022-08-27','15:30:00','CJU','2022-08-27','16:50:00'),('GTOC-89','IH8985','GMP','2022-08-28','15:30:00','CJU','2022-08-28','16:50:00'),('GTOC-9','IH8985','GMP','2022-06-09','15:30:00','CJU','2022-06-09','16:50:00'),('GTOC-90','IH8985','GMP','2022-08-29','15:30:00','CJU','2022-08-29','16:50:00'),('GTOC-91','IH8985','GMP','2022-08-30','15:30:00','CJU','2022-08-30','16:50:00'),('GTOC-92','IH8985','GMP','2022-08-31','15:30:00','CJU','2022-08-31','16:50:00'),('GTOC-93','IH8985','GMP','2022-09-01','15:30:00','CJU','2022-09-01','16:50:00'),('GTOC-94','IH8985','GMP','2022-09-02','15:30:00','CJU','2022-09-02','16:50:00'),('GTOC-95','IH8985','GMP','2022-09-03','15:30:00','CJU','2022-09-03','16:50:00'),('GTOC-96','IH8985','GMP','2022-09-04','15:30:00','CJU','2022-09-04','16:50:00'),('GTOC-97','IH8985','GMP','2022-09-05','15:30:00','CJU','2022-09-05','16:50:00'),('GTOC-98','IH8985','GMP','2022-09-06','15:30:00','CJU','2022-09-06','16:50:00'),('GTOC-99','IH8985','GMP','2022-09-07','15:30:00','CJU','2022-09-07','16:50:00'),('GTOP-1','IH120','GMP','2022-06-01','17:30:00','PUS','2022-06-01','18:30:00'),('GTOP-10','IH120','GMP','2022-06-10','17:30:00','PUS','2022-06-10','18:30:00'),('GTOP-100','IH120','GMP','2022-09-08','17:30:00','PUS','2022-09-08','18:30:00'),('GTOP-101','IH120','GMP','2022-09-09','17:30:00','PUS','2022-09-09','18:30:00'),('GTOP-102','IH120','GMP','2022-09-10','17:30:00','PUS','2022-09-10','18:30:00'),('GTOP-103','IH120','GMP','2022-09-11','17:30:00','PUS','2022-09-11','18:30:00'),('GTOP-104','IH120','GMP','2022-09-12','17:30:00','PUS','2022-09-12','18:30:00'),('GTOP-105','IH120','GMP','2022-09-13','17:30:00','PUS','2022-09-13','18:30:00'),('GTOP-106','IH120','GMP','2022-09-14','17:30:00','PUS','2022-09-14','18:30:00'),('GTOP-107','IH120','GMP','2022-09-15','17:30:00','PUS','2022-09-15','18:30:00'),('GTOP-108','IH120','GMP','2022-09-16','17:30:00','PUS','2022-09-16','18:30:00'),('GTOP-109','IH120','GMP','2022-09-17','17:30:00','PUS','2022-09-17','18:30:00'),('GTOP-11','IH120','GMP','2022-06-11','17:30:00','PUS','2022-06-11','18:30:00'),('GTOP-110','IH120','GMP','2022-09-18','17:30:00','PUS','2022-09-18','18:30:00'),('GTOP-111','IH120','GMP','2022-09-19','17:30:00','PUS','2022-09-19','18:30:00'),('GTOP-112','IH120','GMP','2022-09-20','17:30:00','PUS','2022-09-20','18:30:00'),('GTOP-113','IH120','GMP','2022-09-21','17:30:00','PUS','2022-09-21','18:30:00'),('GTOP-114','IH120','GMP','2022-09-22','17:30:00','PUS','2022-09-22','18:30:00'),('GTOP-115','IH120','GMP','2022-09-23','17:30:00','PUS','2022-09-23','18:30:00'),('GTOP-116','IH120','GMP','2022-09-24','17:30:00','PUS','2022-09-24','18:30:00'),('GTOP-117','IH120','GMP','2022-09-25','17:30:00','PUS','2022-09-25','18:30:00'),('GTOP-118','IH120','GMP','2022-09-26','17:30:00','PUS','2022-09-26','18:30:00'),('GTOP-119','IH120','GMP','2022-09-27','17:30:00','PUS','2022-09-27','18:30:00'),('GTOP-12','IH120','GMP','2022-06-12','17:30:00','PUS','2022-06-12','18:30:00'),('GTOP-120','IH120','GMP','2022-09-28','17:30:00','PUS','2022-09-28','18:30:00'),('GTOP-121','IH120','GMP','2022-09-29','17:30:00','PUS','2022-09-29','18:30:00'),('GTOP-122','IH120','GMP','2022-09-30','17:30:00','PUS','2022-09-30','18:30:00'),('GTOP-123','IH120','GMP','2022-10-01','17:30:00','PUS','2022-10-01','18:30:00'),('GTOP-124','IH120','GMP','2022-10-02','17:30:00','PUS','2022-10-02','18:30:00'),('GTOP-125','IH120','GMP','2022-10-03','17:30:00','PUS','2022-10-03','18:30:00'),('GTOP-126','IH120','GMP','2022-10-04','17:30:00','PUS','2022-10-04','18:30:00'),('GTOP-127','IH120','GMP','2022-10-05','17:30:00','PUS','2022-10-05','18:30:00'),('GTOP-128','IH120','GMP','2022-10-06','17:30:00','PUS','2022-10-06','18:30:00'),('GTOP-129','IH120','GMP','2022-10-07','17:30:00','PUS','2022-10-07','18:30:00'),('GTOP-13','IH120','GMP','2022-06-13','17:30:00','PUS','2022-06-13','18:30:00'),('GTOP-130','IH120','GMP','2022-10-08','17:30:00','PUS','2022-10-08','18:30:00'),('GTOP-131','IH120','GMP','2022-10-09','17:30:00','PUS','2022-10-09','18:30:00'),('GTOP-132','IH120','GMP','2022-10-10','17:30:00','PUS','2022-10-10','18:30:00'),('GTOP-133','IH120','GMP','2022-10-11','17:30:00','PUS','2022-10-11','18:30:00'),('GTOP-134','IH120','GMP','2022-10-12','17:30:00','PUS','2022-10-12','18:30:00'),('GTOP-135','IH120','GMP','2022-10-13','17:30:00','PUS','2022-10-13','18:30:00'),('GTOP-136','IH120','GMP','2022-10-14','17:30:00','PUS','2022-10-14','18:30:00'),('GTOP-137','IH120','GMP','2022-10-15','17:30:00','PUS','2022-10-15','18:30:00'),('GTOP-138','IH120','GMP','2022-10-16','17:30:00','PUS','2022-10-16','18:30:00'),('GTOP-139','IH120','GMP','2022-10-17','17:30:00','PUS','2022-10-17','18:30:00'),('GTOP-14','IH120','GMP','2022-06-14','17:30:00','PUS','2022-06-14','18:30:00'),('GTOP-140','IH120','GMP','2022-10-18','17:30:00','PUS','2022-10-18','18:30:00'),('GTOP-141','IH120','GMP','2022-10-19','17:30:00','PUS','2022-10-19','18:30:00'),('GTOP-142','IH120','GMP','2022-10-20','17:30:00','PUS','2022-10-20','18:30:00'),('GTOP-143','IH120','GMP','2022-10-21','17:30:00','PUS','2022-10-21','18:30:00'),('GTOP-144','IH120','GMP','2022-10-22','17:30:00','PUS','2022-10-22','18:30:00'),('GTOP-145','IH120','GMP','2022-10-23','17:30:00','PUS','2022-10-23','18:30:00'),('GTOP-146','IH120','GMP','2022-10-24','17:30:00','PUS','2022-10-24','18:30:00'),('GTOP-147','IH120','GMP','2022-10-25','17:30:00','PUS','2022-10-25','18:30:00'),('GTOP-148','IH120','GMP','2022-10-26','17:30:00','PUS','2022-10-26','18:30:00'),('GTOP-149','IH120','GMP','2022-10-27','17:30:00','PUS','2022-10-27','18:30:00'),('GTOP-15','IH120','GMP','2022-06-15','17:30:00','PUS','2022-06-15','18:30:00'),('GTOP-150','IH120','GMP','2022-10-28','17:30:00','PUS','2022-10-28','18:30:00'),('GTOP-151','IH120','GMP','2022-10-29','17:30:00','PUS','2022-10-29','18:30:00'),('GTOP-152','IH120','GMP','2022-10-30','17:30:00','PUS','2022-10-30','18:30:00'),('GTOP-153','IH120','GMP','2022-10-31','17:30:00','PUS','2022-10-31','18:30:00'),('GTOP-154','IH120','GMP','2022-11-01','17:30:00','PUS','2022-11-01','18:30:00'),('GTOP-155','IH120','GMP','2022-11-02','17:30:00','PUS','2022-11-02','18:30:00'),('GTOP-156','IH120','GMP','2022-11-03','17:30:00','PUS','2022-11-03','18:30:00'),('GTOP-157','IH120','GMP','2022-11-04','17:30:00','PUS','2022-11-04','18:30:00'),('GTOP-158','IH120','GMP','2022-11-05','17:30:00','PUS','2022-11-05','18:30:00'),('GTOP-159','IH120','GMP','2022-11-06','17:30:00','PUS','2022-11-06','18:30:00'),('GTOP-16','IH120','GMP','2022-06-16','17:30:00','PUS','2022-06-16','18:30:00'),('GTOP-160','IH120','GMP','2022-11-07','17:30:00','PUS','2022-11-07','18:30:00'),('GTOP-161','IH120','GMP','2022-11-08','17:30:00','PUS','2022-11-08','18:30:00'),('GTOP-162','IH120','GMP','2022-11-09','17:30:00','PUS','2022-11-09','18:30:00'),('GTOP-163','IH120','GMP','2022-11-10','17:30:00','PUS','2022-11-10','18:30:00'),('GTOP-164','IH120','GMP','2022-11-11','17:30:00','PUS','2022-11-11','18:30:00'),('GTOP-165','IH120','GMP','2022-11-12','17:30:00','PUS','2022-11-12','18:30:00'),('GTOP-166','IH120','GMP','2022-11-13','17:30:00','PUS','2022-11-13','18:30:00'),('GTOP-167','IH120','GMP','2022-11-14','17:30:00','PUS','2022-11-14','18:30:00'),('GTOP-168','IH120','GMP','2022-11-15','17:30:00','PUS','2022-11-15','18:30:00'),('GTOP-169','IH120','GMP','2022-11-16','17:30:00','PUS','2022-11-16','18:30:00'),('GTOP-17','IH120','GMP','2022-06-17','17:30:00','PUS','2022-06-17','18:30:00'),('GTOP-170','IH120','GMP','2022-11-17','17:30:00','PUS','2022-11-17','18:30:00'),('GTOP-171','IH120','GMP','2022-11-18','17:30:00','PUS','2022-11-18','18:30:00'),('GTOP-172','IH120','GMP','2022-11-19','17:30:00','PUS','2022-11-19','18:30:00'),('GTOP-173','IH120','GMP','2022-11-20','17:30:00','PUS','2022-11-20','18:30:00'),('GTOP-174','IH120','GMP','2022-11-21','17:30:00','PUS','2022-11-21','18:30:00'),('GTOP-175','IH120','GMP','2022-11-22','17:30:00','PUS','2022-11-22','18:30:00'),('GTOP-176','IH120','GMP','2022-11-23','17:30:00','PUS','2022-11-23','18:30:00'),('GTOP-177','IH120','GMP','2022-11-24','17:30:00','PUS','2022-11-24','18:30:00'),('GTOP-178','IH120','GMP','2022-11-25','17:30:00','PUS','2022-11-25','18:30:00'),('GTOP-179','IH120','GMP','2022-11-26','17:30:00','PUS','2022-11-26','18:30:00'),('GTOP-18','IH120','GMP','2022-06-18','17:30:00','PUS','2022-06-18','18:30:00'),('GTOP-180','IH120','GMP','2022-11-27','17:30:00','PUS','2022-11-27','18:30:00'),('GTOP-181','IH120','GMP','2022-11-28','17:30:00','PUS','2022-11-28','18:30:00'),('GTOP-182','IH120','GMP','2022-11-29','17:30:00','PUS','2022-11-29','18:30:00'),('GTOP-183','IH120','GMP','2022-11-30','17:30:00','PUS','2022-11-30','18:30:00'),('GTOP-184','IH120','GMP','2022-12-01','17:30:00','PUS','2022-12-01','18:30:00'),('GTOP-185','IH120','GMP','2022-12-02','17:30:00','PUS','2022-12-02','18:30:00'),('GTOP-186','IH120','GMP','2022-12-03','17:30:00','PUS','2022-12-03','18:30:00'),('GTOP-187','IH120','GMP','2022-12-04','17:30:00','PUS','2022-12-04','18:30:00'),('GTOP-188','IH120','GMP','2022-12-05','17:30:00','PUS','2022-12-05','18:30:00'),('GTOP-189','IH120','GMP','2022-12-06','17:30:00','PUS','2022-12-06','18:30:00'),('GTOP-19','IH120','GMP','2022-06-19','17:30:00','PUS','2022-06-19','18:30:00'),('GTOP-190','IH120','GMP','2022-12-07','17:30:00','PUS','2022-12-07','18:30:00'),('GTOP-191','IH120','GMP','2022-12-08','17:30:00','PUS','2022-12-08','18:30:00'),('GTOP-192','IH120','GMP','2022-12-09','17:30:00','PUS','2022-12-09','18:30:00'),('GTOP-193','IH120','GMP','2022-12-10','17:30:00','PUS','2022-12-10','18:30:00'),('GTOP-194','IH120','GMP','2022-12-11','17:30:00','PUS','2022-12-11','18:30:00'),('GTOP-195','IH120','GMP','2022-12-12','17:30:00','PUS','2022-12-12','18:30:00'),('GTOP-196','IH120','GMP','2022-12-13','17:30:00','PUS','2022-12-13','18:30:00'),('GTOP-197','IH120','GMP','2022-12-14','17:30:00','PUS','2022-12-14','18:30:00'),('GTOP-198','IH120','GMP','2022-12-15','17:30:00','PUS','2022-12-15','18:30:00'),('GTOP-199','IH120','GMP','2022-12-16','17:30:00','PUS','2022-12-16','18:30:00'),('GTOP-2','IH120','GMP','2022-06-02','17:30:00','PUS','2022-06-02','18:30:00'),('GTOP-20','IH120','GMP','2022-06-20','17:30:00','PUS','2022-06-20','18:30:00'),('GTOP-200','IH120','GMP','2022-12-17','17:30:00','PUS','2022-12-17','18:30:00'),('GTOP-201','IH120','GMP','2022-12-18','17:30:00','PUS','2022-12-18','18:30:00'),('GTOP-202','IH120','GMP','2022-12-19','17:30:00','PUS','2022-12-19','18:30:00'),('GTOP-203','IH120','GMP','2022-12-20','17:30:00','PUS','2022-12-20','18:30:00'),('GTOP-204','IH120','GMP','2022-12-21','17:30:00','PUS','2022-12-21','18:30:00'),('GTOP-205','IH120','GMP','2022-12-22','17:30:00','PUS','2022-12-22','18:30:00'),('GTOP-206','IH120','GMP','2022-12-23','17:30:00','PUS','2022-12-23','18:30:00'),('GTOP-207','IH120','GMP','2022-12-24','17:30:00','PUS','2022-12-24','18:30:00'),('GTOP-208','IH120','GMP','2022-12-25','17:30:00','PUS','2022-12-25','18:30:00'),('GTOP-209','IH120','GMP','2022-12-26','17:30:00','PUS','2022-12-26','18:30:00'),('GTOP-21','IH120','GMP','2022-06-21','17:30:00','PUS','2022-06-21','18:30:00'),('GTOP-210','IH120','GMP','2022-12-27','17:30:00','PUS','2022-12-27','18:30:00'),('GTOP-211','IH120','GMP','2022-12-28','17:30:00','PUS','2022-12-28','18:30:00'),('GTOP-212','IH120','GMP','2022-12-29','17:30:00','PUS','2022-12-29','18:30:00'),('GTOP-213','IH120','GMP','2022-12-30','17:30:00','PUS','2022-12-30','18:30:00'),('GTOP-214','IH120','GMP','2022-12-31','17:30:00','PUS','2022-12-31','18:30:00'),('GTOP-22','IH120','GMP','2022-06-22','17:30:00','PUS','2022-06-22','18:30:00'),('GTOP-23','IH120','GMP','2022-06-23','17:30:00','PUS','2022-06-23','18:30:00'),('GTOP-24','IH120','GMP','2022-06-24','17:30:00','PUS','2022-06-24','18:30:00'),('GTOP-25','IH120','GMP','2022-06-25','17:30:00','PUS','2022-06-25','18:30:00'),('GTOP-26','IH120','GMP','2022-06-26','17:30:00','PUS','2022-06-26','18:30:00'),('GTOP-27','IH120','GMP','2022-06-27','17:30:00','PUS','2022-06-27','18:30:00'),('GTOP-28','IH120','GMP','2022-06-28','17:30:00','PUS','2022-06-28','18:30:00'),('GTOP-29','IH120','GMP','2022-06-29','17:30:00','PUS','2022-06-29','18:30:00'),('GTOP-3','IH120','GMP','2022-06-03','17:30:00','PUS','2022-06-03','18:30:00'),('GTOP-30','IH120','GMP','2022-06-30','17:30:00','PUS','2022-06-30','18:30:00'),('GTOP-31','IH120','GMP','2022-07-01','17:30:00','PUS','2022-07-01','18:30:00'),('GTOP-32','IH120','GMP','2022-07-02','17:30:00','PUS','2022-07-02','18:30:00'),('GTOP-33','IH120','GMP','2022-07-03','17:30:00','PUS','2022-07-03','18:30:00'),('GTOP-34','IH120','GMP','2022-07-04','17:30:00','PUS','2022-07-04','18:30:00'),('GTOP-35','IH120','GMP','2022-07-05','17:30:00','PUS','2022-07-05','18:30:00'),('GTOP-36','IH120','GMP','2022-07-06','17:30:00','PUS','2022-07-06','18:30:00'),('GTOP-37','IH120','GMP','2022-07-07','17:30:00','PUS','2022-07-07','18:30:00'),('GTOP-38','IH120','GMP','2022-07-08','17:30:00','PUS','2022-07-08','18:30:00'),('GTOP-39','IH120','GMP','2022-07-09','17:30:00','PUS','2022-07-09','18:30:00'),('GTOP-4','IH120','GMP','2022-06-04','17:30:00','PUS','2022-06-04','18:30:00'),('GTOP-40','IH120','GMP','2022-07-10','17:30:00','PUS','2022-07-10','18:30:00'),('GTOP-41','IH120','GMP','2022-07-11','17:30:00','PUS','2022-07-11','18:30:00'),('GTOP-42','IH120','GMP','2022-07-12','17:30:00','PUS','2022-07-12','18:30:00'),('GTOP-43','IH120','GMP','2022-07-13','17:30:00','PUS','2022-07-13','18:30:00'),('GTOP-44','IH120','GMP','2022-07-14','17:30:00','PUS','2022-07-14','18:30:00'),('GTOP-45','IH120','GMP','2022-07-15','17:30:00','PUS','2022-07-15','18:30:00'),('GTOP-46','IH120','GMP','2022-07-16','17:30:00','PUS','2022-07-16','18:30:00'),('GTOP-47','IH120','GMP','2022-07-17','17:30:00','PUS','2022-07-17','18:30:00'),('GTOP-48','IH120','GMP','2022-07-18','17:30:00','PUS','2022-07-18','18:30:00'),('GTOP-49','IH120','GMP','2022-07-19','17:30:00','PUS','2022-07-19','18:30:00'),('GTOP-5','IH120','GMP','2022-06-05','17:30:00','PUS','2022-06-05','18:30:00'),('GTOP-50','IH120','GMP','2022-07-20','17:30:00','PUS','2022-07-20','18:30:00'),('GTOP-51','IH120','GMP','2022-07-21','17:30:00','PUS','2022-07-21','18:30:00'),('GTOP-52','IH120','GMP','2022-07-22','17:30:00','PUS','2022-07-22','18:30:00'),('GTOP-53','IH120','GMP','2022-07-23','17:30:00','PUS','2022-07-23','18:30:00'),('GTOP-54','IH120','GMP','2022-07-24','17:30:00','PUS','2022-07-24','18:30:00'),('GTOP-55','IH120','GMP','2022-07-25','17:30:00','PUS','2022-07-25','18:30:00'),('GTOP-56','IH120','GMP','2022-07-26','17:30:00','PUS','2022-07-26','18:30:00'),('GTOP-57','IH120','GMP','2022-07-27','17:30:00','PUS','2022-07-27','18:30:00'),('GTOP-58','IH120','GMP','2022-07-28','17:30:00','PUS','2022-07-28','18:30:00'),('GTOP-59','IH120','GMP','2022-07-29','17:30:00','PUS','2022-07-29','18:30:00'),('GTOP-6','IH120','GMP','2022-06-06','17:30:00','PUS','2022-06-06','18:30:00'),('GTOP-60','IH120','GMP','2022-07-30','17:30:00','PUS','2022-07-30','18:30:00'),('GTOP-61','IH120','GMP','2022-07-31','17:30:00','PUS','2022-07-31','18:30:00'),('GTOP-62','IH120','GMP','2022-08-01','17:30:00','PUS','2022-08-01','18:30:00'),('GTOP-63','IH120','GMP','2022-08-02','17:30:00','PUS','2022-08-02','18:30:00'),('GTOP-64','IH120','GMP','2022-08-03','17:30:00','PUS','2022-08-03','18:30:00'),('GTOP-65','IH120','GMP','2022-08-04','17:30:00','PUS','2022-08-04','18:30:00'),('GTOP-66','IH120','GMP','2022-08-05','17:30:00','PUS','2022-08-05','18:30:00'),('GTOP-67','IH120','GMP','2022-08-06','17:30:00','PUS','2022-08-06','18:30:00'),('GTOP-68','IH120','GMP','2022-08-07','17:30:00','PUS','2022-08-07','18:30:00'),('GTOP-69','IH120','GMP','2022-08-08','17:30:00','PUS','2022-08-08','18:30:00'),('GTOP-7','IH120','GMP','2022-06-07','17:30:00','PUS','2022-06-07','18:30:00'),('GTOP-70','IH120','GMP','2022-08-09','17:30:00','PUS','2022-08-09','18:30:00'),('GTOP-71','IH120','GMP','2022-08-10','17:30:00','PUS','2022-08-10','18:30:00'),('GTOP-72','IH120','GMP','2022-08-11','17:30:00','PUS','2022-08-11','18:30:00'),('GTOP-73','IH120','GMP','2022-08-12','17:30:00','PUS','2022-08-12','18:30:00'),('GTOP-74','IH120','GMP','2022-08-13','17:30:00','PUS','2022-08-13','18:30:00'),('GTOP-75','IH120','GMP','2022-08-14','17:30:00','PUS','2022-08-14','18:30:00'),('GTOP-76','IH120','GMP','2022-08-15','17:30:00','PUS','2022-08-15','18:30:00'),('GTOP-77','IH120','GMP','2022-08-16','17:30:00','PUS','2022-08-16','18:30:00'),('GTOP-78','IH120','GMP','2022-08-17','17:30:00','PUS','2022-08-17','18:30:00'),('GTOP-79','IH120','GMP','2022-08-18','17:30:00','PUS','2022-08-18','18:30:00'),('GTOP-8','IH120','GMP','2022-06-08','17:30:00','PUS','2022-06-08','18:30:00'),('GTOP-80','IH120','GMP','2022-08-19','17:30:00','PUS','2022-08-19','18:30:00'),('GTOP-81','IH120','GMP','2022-08-20','17:30:00','PUS','2022-08-20','18:30:00'),('GTOP-82','IH120','GMP','2022-08-21','17:30:00','PUS','2022-08-21','18:30:00'),('GTOP-83','IH120','GMP','2022-08-22','17:30:00','PUS','2022-08-22','18:30:00'),('GTOP-84','IH120','GMP','2022-08-23','17:30:00','PUS','2022-08-23','18:30:00'),('GTOP-85','IH120','GMP','2022-08-24','17:30:00','PUS','2022-08-24','18:30:00'),('GTOP-86','IH120','GMP','2022-08-25','17:30:00','PUS','2022-08-25','18:30:00'),('GTOP-87','IH120','GMP','2022-08-26','17:30:00','PUS','2022-08-26','18:30:00'),('GTOP-88','IH120','GMP','2022-08-27','17:30:00','PUS','2022-08-27','18:30:00'),('GTOP-89','IH120','GMP','2022-08-28','17:30:00','PUS','2022-08-28','18:30:00'),('GTOP-9','IH120','GMP','2022-06-09','17:30:00','PUS','2022-06-09','18:30:00'),('GTOP-90','IH120','GMP','2022-08-29','17:30:00','PUS','2022-08-29','18:30:00'),('GTOP-91','IH120','GMP','2022-08-30','17:30:00','PUS','2022-08-30','18:30:00'),('GTOP-92','IH120','GMP','2022-08-31','17:30:00','PUS','2022-08-31','18:30:00'),('GTOP-93','IH120','GMP','2022-09-01','17:30:00','PUS','2022-09-01','18:30:00'),('GTOP-94','IH120','GMP','2022-09-02','17:30:00','PUS','2022-09-02','18:30:00'),('GTOP-95','IH120','GMP','2022-09-03','17:30:00','PUS','2022-09-03','18:30:00'),('GTOP-96','IH120','GMP','2022-09-04','17:30:00','PUS','2022-09-04','18:30:00'),('GTOP-97','IH120','GMP','2022-09-05','17:30:00','PUS','2022-09-05','18:30:00'),('GTOP-98','IH120','GMP','2022-09-06','17:30:00','PUS','2022-09-06','18:30:00'),('GTOP-99','IH120','GMP','2022-09-07','17:30:00','PUS','2022-09-07','18:30:00'),('GTOR-1','IH8733','GMP','2022-06-01','08:25:00','RSU','2022-06-01','09:20:00'),('GTOR-10','IH8733','GMP','2022-06-10','08:25:00','RSU','2022-06-10','09:20:00'),('GTOR-100','IH8733','GMP','2022-09-08','08:25:00','RSU','2022-09-08','09:20:00'),('GTOR-101','IH8733','GMP','2022-09-09','08:25:00','RSU','2022-09-09','09:20:00'),('GTOR-102','IH8733','GMP','2022-09-10','08:25:00','RSU','2022-09-10','09:20:00'),('GTOR-103','IH8733','GMP','2022-09-11','08:25:00','RSU','2022-09-11','09:20:00'),('GTOR-104','IH8733','GMP','2022-09-12','08:25:00','RSU','2022-09-12','09:20:00'),('GTOR-105','IH8733','GMP','2022-09-13','08:25:00','RSU','2022-09-13','09:20:00'),('GTOR-106','IH8733','GMP','2022-09-14','08:25:00','RSU','2022-09-14','09:20:00'),('GTOR-107','IH8733','GMP','2022-09-15','08:25:00','RSU','2022-09-15','09:20:00'),('GTOR-108','IH8733','GMP','2022-09-16','08:25:00','RSU','2022-09-16','09:20:00'),('GTOR-109','IH8733','GMP','2022-09-17','08:25:00','RSU','2022-09-17','09:20:00'),('GTOR-11','IH8733','GMP','2022-06-11','08:25:00','RSU','2022-06-11','09:20:00'),('GTOR-110','IH8733','GMP','2022-09-18','08:25:00','RSU','2022-09-18','09:20:00'),('GTOR-111','IH8733','GMP','2022-09-19','08:25:00','RSU','2022-09-19','09:20:00'),('GTOR-112','IH8733','GMP','2022-09-20','08:25:00','RSU','2022-09-20','09:20:00'),('GTOR-113','IH8733','GMP','2022-09-21','08:25:00','RSU','2022-09-21','09:20:00'),('GTOR-114','IH8733','GMP','2022-09-22','08:25:00','RSU','2022-09-22','09:20:00'),('GTOR-115','IH8733','GMP','2022-09-23','08:25:00','RSU','2022-09-23','09:20:00'),('GTOR-116','IH8733','GMP','2022-09-24','08:25:00','RSU','2022-09-24','09:20:00'),('GTOR-117','IH8733','GMP','2022-09-25','08:25:00','RSU','2022-09-25','09:20:00'),('GTOR-118','IH8733','GMP','2022-09-26','08:25:00','RSU','2022-09-26','09:20:00'),('GTOR-119','IH8733','GMP','2022-09-27','08:25:00','RSU','2022-09-27','09:20:00'),('GTOR-12','IH8733','GMP','2022-06-12','08:25:00','RSU','2022-06-12','09:20:00'),('GTOR-120','IH8733','GMP','2022-09-28','08:25:00','RSU','2022-09-28','09:20:00'),('GTOR-121','IH8733','GMP','2022-09-29','08:25:00','RSU','2022-09-29','09:20:00'),('GTOR-122','IH8733','GMP','2022-09-30','08:25:00','RSU','2022-09-30','09:20:00'),('GTOR-123','IH8733','GMP','2022-10-01','08:25:00','RSU','2022-10-01','09:20:00'),('GTOR-124','IH8733','GMP','2022-10-02','08:25:00','RSU','2022-10-02','09:20:00'),('GTOR-125','IH8733','GMP','2022-10-03','08:25:00','RSU','2022-10-03','09:20:00'),('GTOR-126','IH8733','GMP','2022-10-04','08:25:00','RSU','2022-10-04','09:20:00'),('GTOR-127','IH8733','GMP','2022-10-05','08:25:00','RSU','2022-10-05','09:20:00'),('GTOR-128','IH8733','GMP','2022-10-06','08:25:00','RSU','2022-10-06','09:20:00'),('GTOR-129','IH8733','GMP','2022-10-07','08:25:00','RSU','2022-10-07','09:20:00'),('GTOR-13','IH8733','GMP','2022-06-13','08:25:00','RSU','2022-06-13','09:20:00'),('GTOR-130','IH8733','GMP','2022-10-08','08:25:00','RSU','2022-10-08','09:20:00'),('GTOR-131','IH8733','GMP','2022-10-09','08:25:00','RSU','2022-10-09','09:20:00'),('GTOR-132','IH8733','GMP','2022-10-10','08:25:00','RSU','2022-10-10','09:20:00'),('GTOR-133','IH8733','GMP','2022-10-11','08:25:00','RSU','2022-10-11','09:20:00'),('GTOR-134','IH8733','GMP','2022-10-12','08:25:00','RSU','2022-10-12','09:20:00'),('GTOR-135','IH8733','GMP','2022-10-13','08:25:00','RSU','2022-10-13','09:20:00'),('GTOR-136','IH8733','GMP','2022-10-14','08:25:00','RSU','2022-10-14','09:20:00'),('GTOR-137','IH8733','GMP','2022-10-15','08:25:00','RSU','2022-10-15','09:20:00'),('GTOR-138','IH8733','GMP','2022-10-16','08:25:00','RSU','2022-10-16','09:20:00'),('GTOR-139','IH8733','GMP','2022-10-17','08:25:00','RSU','2022-10-17','09:20:00'),('GTOR-14','IH8733','GMP','2022-06-14','08:25:00','RSU','2022-06-14','09:20:00'),('GTOR-140','IH8733','GMP','2022-10-18','08:25:00','RSU','2022-10-18','09:20:00'),('GTOR-141','IH8733','GMP','2022-10-19','08:25:00','RSU','2022-10-19','09:20:00'),('GTOR-142','IH8733','GMP','2022-10-20','08:25:00','RSU','2022-10-20','09:20:00'),('GTOR-143','IH8733','GMP','2022-10-21','08:25:00','RSU','2022-10-21','09:20:00'),('GTOR-144','IH8733','GMP','2022-10-22','08:25:00','RSU','2022-10-22','09:20:00'),('GTOR-145','IH8733','GMP','2022-10-23','08:25:00','RSU','2022-10-23','09:20:00'),('GTOR-146','IH8733','GMP','2022-10-24','08:25:00','RSU','2022-10-24','09:20:00'),('GTOR-147','IH8733','GMP','2022-10-25','08:25:00','RSU','2022-10-25','09:20:00'),('GTOR-148','IH8733','GMP','2022-10-26','08:25:00','RSU','2022-10-26','09:20:00'),('GTOR-149','IH8733','GMP','2022-10-27','08:25:00','RSU','2022-10-27','09:20:00'),('GTOR-15','IH8733','GMP','2022-06-15','08:25:00','RSU','2022-06-15','09:20:00'),('GTOR-150','IH8733','GMP','2022-10-28','08:25:00','RSU','2022-10-28','09:20:00'),('GTOR-151','IH8733','GMP','2022-10-29','08:25:00','RSU','2022-10-29','09:20:00'),('GTOR-152','IH8733','GMP','2022-10-30','08:25:00','RSU','2022-10-30','09:20:00'),('GTOR-153','IH8733','GMP','2022-10-31','08:25:00','RSU','2022-10-31','09:20:00'),('GTOR-154','IH8733','GMP','2022-11-01','08:25:00','RSU','2022-11-01','09:20:00'),('GTOR-155','IH8733','GMP','2022-11-02','08:25:00','RSU','2022-11-02','09:20:00'),('GTOR-156','IH8733','GMP','2022-11-03','08:25:00','RSU','2022-11-03','09:20:00'),('GTOR-157','IH8733','GMP','2022-11-04','08:25:00','RSU','2022-11-04','09:20:00'),('GTOR-158','IH8733','GMP','2022-11-05','08:25:00','RSU','2022-11-05','09:20:00'),('GTOR-159','IH8733','GMP','2022-11-06','08:25:00','RSU','2022-11-06','09:20:00'),('GTOR-16','IH8733','GMP','2022-06-16','08:25:00','RSU','2022-06-16','09:20:00'),('GTOR-160','IH8733','GMP','2022-11-07','08:25:00','RSU','2022-11-07','09:20:00'),('GTOR-161','IH8733','GMP','2022-11-08','08:25:00','RSU','2022-11-08','09:20:00'),('GTOR-162','IH8733','GMP','2022-11-09','08:25:00','RSU','2022-11-09','09:20:00'),('GTOR-163','IH8733','GMP','2022-11-10','08:25:00','RSU','2022-11-10','09:20:00'),('GTOR-164','IH8733','GMP','2022-11-11','08:25:00','RSU','2022-11-11','09:20:00'),('GTOR-165','IH8733','GMP','2022-11-12','08:25:00','RSU','2022-11-12','09:20:00'),('GTOR-166','IH8733','GMP','2022-11-13','08:25:00','RSU','2022-11-13','09:20:00'),('GTOR-167','IH8733','GMP','2022-11-14','08:25:00','RSU','2022-11-14','09:20:00'),('GTOR-168','IH8733','GMP','2022-11-15','08:25:00','RSU','2022-11-15','09:20:00'),('GTOR-169','IH8733','GMP','2022-11-16','08:25:00','RSU','2022-11-16','09:20:00'),('GTOR-17','IH8733','GMP','2022-06-17','08:25:00','RSU','2022-06-17','09:20:00'),('GTOR-170','IH8733','GMP','2022-11-17','08:25:00','RSU','2022-11-17','09:20:00'),('GTOR-171','IH8733','GMP','2022-11-18','08:25:00','RSU','2022-11-18','09:20:00'),('GTOR-172','IH8733','GMP','2022-11-19','08:25:00','RSU','2022-11-19','09:20:00'),('GTOR-173','IH8733','GMP','2022-11-20','08:25:00','RSU','2022-11-20','09:20:00'),('GTOR-174','IH8733','GMP','2022-11-21','08:25:00','RSU','2022-11-21','09:20:00'),('GTOR-175','IH8733','GMP','2022-11-22','08:25:00','RSU','2022-11-22','09:20:00'),('GTOR-176','IH8733','GMP','2022-11-23','08:25:00','RSU','2022-11-23','09:20:00'),('GTOR-177','IH8733','GMP','2022-11-24','08:25:00','RSU','2022-11-24','09:20:00'),('GTOR-178','IH8733','GMP','2022-11-25','08:25:00','RSU','2022-11-25','09:20:00'),('GTOR-179','IH8733','GMP','2022-11-26','08:25:00','RSU','2022-11-26','09:20:00'),('GTOR-18','IH8733','GMP','2022-06-18','08:25:00','RSU','2022-06-18','09:20:00'),('GTOR-180','IH8733','GMP','2022-11-27','08:25:00','RSU','2022-11-27','09:20:00'),('GTOR-181','IH8733','GMP','2022-11-28','08:25:00','RSU','2022-11-28','09:20:00'),('GTOR-182','IH8733','GMP','2022-11-29','08:25:00','RSU','2022-11-29','09:20:00'),('GTOR-183','IH8733','GMP','2022-11-30','08:25:00','RSU','2022-11-30','09:20:00'),('GTOR-184','IH8733','GMP','2022-12-01','08:25:00','RSU','2022-12-01','09:20:00'),('GTOR-185','IH8733','GMP','2022-12-02','08:25:00','RSU','2022-12-02','09:20:00'),('GTOR-186','IH8733','GMP','2022-12-03','08:25:00','RSU','2022-12-03','09:20:00'),('GTOR-187','IH8733','GMP','2022-12-04','08:25:00','RSU','2022-12-04','09:20:00'),('GTOR-188','IH8733','GMP','2022-12-05','08:25:00','RSU','2022-12-05','09:20:00'),('GTOR-189','IH8733','GMP','2022-12-06','08:25:00','RSU','2022-12-06','09:20:00'),('GTOR-19','IH8733','GMP','2022-06-19','08:25:00','RSU','2022-06-19','09:20:00'),('GTOR-190','IH8733','GMP','2022-12-07','08:25:00','RSU','2022-12-07','09:20:00'),('GTOR-191','IH8733','GMP','2022-12-08','08:25:00','RSU','2022-12-08','09:20:00'),('GTOR-192','IH8733','GMP','2022-12-09','08:25:00','RSU','2022-12-09','09:20:00'),('GTOR-193','IH8733','GMP','2022-12-10','08:25:00','RSU','2022-12-10','09:20:00'),('GTOR-194','IH8733','GMP','2022-12-11','08:25:00','RSU','2022-12-11','09:20:00'),('GTOR-195','IH8733','GMP','2022-12-12','08:25:00','RSU','2022-12-12','09:20:00'),('GTOR-196','IH8733','GMP','2022-12-13','08:25:00','RSU','2022-12-13','09:20:00'),('GTOR-197','IH8733','GMP','2022-12-14','08:25:00','RSU','2022-12-14','09:20:00'),('GTOR-198','IH8733','GMP','2022-12-15','08:25:00','RSU','2022-12-15','09:20:00'),('GTOR-199','IH8733','GMP','2022-12-16','08:25:00','RSU','2022-12-16','09:20:00'),('GTOR-2','IH8733','GMP','2022-06-02','08:25:00','RSU','2022-06-02','09:20:00'),('GTOR-20','IH8733','GMP','2022-06-20','08:25:00','RSU','2022-06-20','09:20:00'),('GTOR-200','IH8733','GMP','2022-12-17','08:25:00','RSU','2022-12-17','09:20:00'),('GTOR-201','IH8733','GMP','2022-12-18','08:25:00','RSU','2022-12-18','09:20:00'),('GTOR-202','IH8733','GMP','2022-12-19','08:25:00','RSU','2022-12-19','09:20:00'),('GTOR-203','IH8733','GMP','2022-12-20','08:25:00','RSU','2022-12-20','09:20:00'),('GTOR-204','IH8733','GMP','2022-12-21','08:25:00','RSU','2022-12-21','09:20:00'),('GTOR-205','IH8733','GMP','2022-12-22','08:25:00','RSU','2022-12-22','09:20:00'),('GTOR-206','IH8733','GMP','2022-12-23','08:25:00','RSU','2022-12-23','09:20:00'),('GTOR-207','IH8733','GMP','2022-12-24','08:25:00','RSU','2022-12-24','09:20:00'),('GTOR-208','IH8733','GMP','2022-12-25','08:25:00','RSU','2022-12-25','09:20:00'),('GTOR-209','IH8733','GMP','2022-12-26','08:25:00','RSU','2022-12-26','09:20:00'),('GTOR-21','IH8733','GMP','2022-06-21','08:25:00','RSU','2022-06-21','09:20:00'),('GTOR-210','IH8733','GMP','2022-12-27','08:25:00','RSU','2022-12-27','09:20:00'),('GTOR-211','IH8733','GMP','2022-12-28','08:25:00','RSU','2022-12-28','09:20:00'),('GTOR-212','IH8733','GMP','2022-12-29','08:25:00','RSU','2022-12-29','09:20:00'),('GTOR-213','IH8733','GMP','2022-12-30','08:25:00','RSU','2022-12-30','09:20:00'),('GTOR-214','IH8733','GMP','2022-12-31','08:25:00','RSU','2022-12-31','09:20:00'),('GTOR-22','IH8733','GMP','2022-06-22','08:25:00','RSU','2022-06-22','09:20:00'),('GTOR-23','IH8733','GMP','2022-06-23','08:25:00','RSU','2022-06-23','09:20:00'),('GTOR-24','IH8733','GMP','2022-06-24','08:25:00','RSU','2022-06-24','09:20:00'),('GTOR-25','IH8733','GMP','2022-06-25','08:25:00','RSU','2022-06-25','09:20:00'),('GTOR-26','IH8733','GMP','2022-06-26','08:25:00','RSU','2022-06-26','09:20:00'),('GTOR-27','IH8733','GMP','2022-06-27','08:25:00','RSU','2022-06-27','09:20:00'),('GTOR-28','IH8733','GMP','2022-06-28','08:25:00','RSU','2022-06-28','09:20:00'),('GTOR-29','IH8733','GMP','2022-06-29','08:25:00','RSU','2022-06-29','09:20:00'),('GTOR-3','IH8733','GMP','2022-06-03','08:25:00','RSU','2022-06-03','09:20:00'),('GTOR-30','IH8733','GMP','2022-06-30','08:25:00','RSU','2022-06-30','09:20:00'),('GTOR-31','IH8733','GMP','2022-07-01','08:25:00','RSU','2022-07-01','09:20:00'),('GTOR-32','IH8733','GMP','2022-07-02','08:25:00','RSU','2022-07-02','09:20:00'),('GTOR-33','IH8733','GMP','2022-07-03','08:25:00','RSU','2022-07-03','09:20:00'),('GTOR-34','IH8733','GMP','2022-07-04','08:25:00','RSU','2022-07-04','09:20:00'),('GTOR-35','IH8733','GMP','2022-07-05','08:25:00','RSU','2022-07-05','09:20:00'),('GTOR-36','IH8733','GMP','2022-07-06','08:25:00','RSU','2022-07-06','09:20:00'),('GTOR-37','IH8733','GMP','2022-07-07','08:25:00','RSU','2022-07-07','09:20:00'),('GTOR-38','IH8733','GMP','2022-07-08','08:25:00','RSU','2022-07-08','09:20:00'),('GTOR-39','IH8733','GMP','2022-07-09','08:25:00','RSU','2022-07-09','09:20:00'),('GTOR-4','IH8733','GMP','2022-06-04','08:25:00','RSU','2022-06-04','09:20:00'),('GTOR-40','IH8733','GMP','2022-07-10','08:25:00','RSU','2022-07-10','09:20:00'),('GTOR-41','IH8733','GMP','2022-07-11','08:25:00','RSU','2022-07-11','09:20:00'),('GTOR-42','IH8733','GMP','2022-07-12','08:25:00','RSU','2022-07-12','09:20:00'),('GTOR-43','IH8733','GMP','2022-07-13','08:25:00','RSU','2022-07-13','09:20:00'),('GTOR-44','IH8733','GMP','2022-07-14','08:25:00','RSU','2022-07-14','09:20:00'),('GTOR-45','IH8733','GMP','2022-07-15','08:25:00','RSU','2022-07-15','09:20:00'),('GTOR-46','IH8733','GMP','2022-07-16','08:25:00','RSU','2022-07-16','09:20:00'),('GTOR-47','IH8733','GMP','2022-07-17','08:25:00','RSU','2022-07-17','09:20:00'),('GTOR-48','IH8733','GMP','2022-07-18','08:25:00','RSU','2022-07-18','09:20:00'),('GTOR-49','IH8733','GMP','2022-07-19','08:25:00','RSU','2022-07-19','09:20:00'),('GTOR-5','IH8733','GMP','2022-06-05','08:25:00','RSU','2022-06-05','09:20:00'),('GTOR-50','IH8733','GMP','2022-07-20','08:25:00','RSU','2022-07-20','09:20:00'),('GTOR-51','IH8733','GMP','2022-07-21','08:25:00','RSU','2022-07-21','09:20:00'),('GTOR-52','IH8733','GMP','2022-07-22','08:25:00','RSU','2022-07-22','09:20:00'),('GTOR-53','IH8733','GMP','2022-07-23','08:25:00','RSU','2022-07-23','09:20:00'),('GTOR-54','IH8733','GMP','2022-07-24','08:25:00','RSU','2022-07-24','09:20:00'),('GTOR-55','IH8733','GMP','2022-07-25','08:25:00','RSU','2022-07-25','09:20:00'),('GTOR-56','IH8733','GMP','2022-07-26','08:25:00','RSU','2022-07-26','09:20:00'),('GTOR-57','IH8733','GMP','2022-07-27','08:25:00','RSU','2022-07-27','09:20:00'),('GTOR-58','IH8733','GMP','2022-07-28','08:25:00','RSU','2022-07-28','09:20:00'),('GTOR-59','IH8733','GMP','2022-07-29','08:25:00','RSU','2022-07-29','09:20:00'),('GTOR-6','IH8733','GMP','2022-06-06','08:25:00','RSU','2022-06-06','09:20:00'),('GTOR-60','IH8733','GMP','2022-07-30','08:25:00','RSU','2022-07-30','09:20:00'),('GTOR-61','IH8733','GMP','2022-07-31','08:25:00','RSU','2022-07-31','09:20:00'),('GTOR-62','IH8733','GMP','2022-08-01','08:25:00','RSU','2022-08-01','09:20:00'),('GTOR-63','IH8733','GMP','2022-08-02','08:25:00','RSU','2022-08-02','09:20:00'),('GTOR-64','IH8733','GMP','2022-08-03','08:25:00','RSU','2022-08-03','09:20:00'),('GTOR-65','IH8733','GMP','2022-08-04','08:25:00','RSU','2022-08-04','09:20:00'),('GTOR-66','IH8733','GMP','2022-08-05','08:25:00','RSU','2022-08-05','09:20:00'),('GTOR-67','IH8733','GMP','2022-08-06','08:25:00','RSU','2022-08-06','09:20:00'),('GTOR-68','IH8733','GMP','2022-08-07','08:25:00','RSU','2022-08-07','09:20:00'),('GTOR-69','IH8733','GMP','2022-08-08','08:25:00','RSU','2022-08-08','09:20:00'),('GTOR-7','IH8733','GMP','2022-06-07','08:25:00','RSU','2022-06-07','09:20:00'),('GTOR-70','IH8733','GMP','2022-08-09','08:25:00','RSU','2022-08-09','09:20:00'),('GTOR-71','IH8733','GMP','2022-08-10','08:25:00','RSU','2022-08-10','09:20:00'),('GTOR-72','IH8733','GMP','2022-08-11','08:25:00','RSU','2022-08-11','09:20:00'),('GTOR-73','IH8733','GMP','2022-08-12','08:25:00','RSU','2022-08-12','09:20:00'),('GTOR-74','IH8733','GMP','2022-08-13','08:25:00','RSU','2022-08-13','09:20:00'),('GTOR-75','IH8733','GMP','2022-08-14','08:25:00','RSU','2022-08-14','09:20:00'),('GTOR-76','IH8733','GMP','2022-08-15','08:25:00','RSU','2022-08-15','09:20:00'),('GTOR-77','IH8733','GMP','2022-08-16','08:25:00','RSU','2022-08-16','09:20:00'),('GTOR-78','IH8733','GMP','2022-08-17','08:25:00','RSU','2022-08-17','09:20:00'),('GTOR-79','IH8733','GMP','2022-08-18','08:25:00','RSU','2022-08-18','09:20:00'),('GTOR-8','IH8733','GMP','2022-06-08','08:25:00','RSU','2022-06-08','09:20:00'),('GTOR-80','IH8733','GMP','2022-08-19','08:25:00','RSU','2022-08-19','09:20:00'),('GTOR-81','IH8733','GMP','2022-08-20','08:25:00','RSU','2022-08-20','09:20:00'),('GTOR-82','IH8733','GMP','2022-08-21','08:25:00','RSU','2022-08-21','09:20:00'),('GTOR-83','IH8733','GMP','2022-08-22','08:25:00','RSU','2022-08-22','09:20:00'),('GTOR-84','IH8733','GMP','2022-08-23','08:25:00','RSU','2022-08-23','09:20:00'),('GTOR-85','IH8733','GMP','2022-08-24','08:25:00','RSU','2022-08-24','09:20:00'),('GTOR-86','IH8733','GMP','2022-08-25','08:25:00','RSU','2022-08-25','09:20:00'),('GTOR-87','IH8733','GMP','2022-08-26','08:25:00','RSU','2022-08-26','09:20:00'),('GTOR-88','IH8733','GMP','2022-08-27','08:25:00','RSU','2022-08-27','09:20:00'),('GTOR-89','IH8733','GMP','2022-08-28','08:25:00','RSU','2022-08-28','09:20:00'),('GTOR-9','IH8733','GMP','2022-06-09','08:25:00','RSU','2022-06-09','09:20:00'),('GTOR-90','IH8733','GMP','2022-08-29','08:25:00','RSU','2022-08-29','09:20:00'),('GTOR-91','IH8733','GMP','2022-08-30','08:25:00','RSU','2022-08-30','09:20:00'),('GTOR-92','IH8733','GMP','2022-08-31','08:25:00','RSU','2022-08-31','09:20:00'),('GTOR-93','IH8733','GMP','2022-09-01','08:25:00','RSU','2022-09-01','09:20:00'),('GTOR-94','IH8733','GMP','2022-09-02','08:25:00','RSU','2022-09-02','09:20:00'),('GTOR-95','IH8733','GMP','2022-09-03','08:25:00','RSU','2022-09-03','09:20:00'),('GTOR-96','IH8733','GMP','2022-09-04','08:25:00','RSU','2022-09-04','09:20:00'),('GTOR-97','IH8733','GMP','2022-09-05','08:25:00','RSU','2022-09-05','09:20:00'),('GTOR-98','IH8733','GMP','2022-09-06','08:25:00','RSU','2022-09-06','09:20:00'),('GTOR-99','IH8733','GMP','2022-09-07','08:25:00','RSU','2022-09-07','09:20:00'),('PTOG-1','IH021','PUS','2022-06-01','13:40:00','GMP','2022-06-01','14:50:00'),('PTOG-10','IH021','PUS','2022-06-10','13:40:00','GMP','2022-06-10','14:50:00'),('PTOG-100','IH021','PUS','2022-09-08','13:40:00','GMP','2022-09-08','14:50:00'),('PTOG-101','IH021','PUS','2022-09-09','13:40:00','GMP','2022-09-09','14:50:00'),('PTOG-102','IH021','PUS','2022-09-10','13:40:00','GMP','2022-09-10','14:50:00'),('PTOG-103','IH021','PUS','2022-09-11','13:40:00','GMP','2022-09-11','14:50:00'),('PTOG-104','IH021','PUS','2022-09-12','13:40:00','GMP','2022-09-12','14:50:00'),('PTOG-105','IH021','PUS','2022-09-13','13:40:00','GMP','2022-09-13','14:50:00'),('PTOG-106','IH021','PUS','2022-09-14','13:40:00','GMP','2022-09-14','14:50:00'),('PTOG-107','IH021','PUS','2022-09-15','13:40:00','GMP','2022-09-15','14:50:00'),('PTOG-108','IH021','PUS','2022-09-16','13:40:00','GMP','2022-09-16','14:50:00'),('PTOG-109','IH021','PUS','2022-09-17','13:40:00','GMP','2022-09-17','14:50:00'),('PTOG-11','IH021','PUS','2022-06-11','13:40:00','GMP','2022-06-11','14:50:00'),('PTOG-110','IH021','PUS','2022-09-18','13:40:00','GMP','2022-09-18','14:50:00'),('PTOG-111','IH021','PUS','2022-09-19','13:40:00','GMP','2022-09-19','14:50:00'),('PTOG-112','IH021','PUS','2022-09-20','13:40:00','GMP','2022-09-20','14:50:00'),('PTOG-113','IH021','PUS','2022-09-21','13:40:00','GMP','2022-09-21','14:50:00'),('PTOG-114','IH021','PUS','2022-09-22','13:40:00','GMP','2022-09-22','14:50:00'),('PTOG-115','IH021','PUS','2022-09-23','13:40:00','GMP','2022-09-23','14:50:00'),('PTOG-116','IH021','PUS','2022-09-24','13:40:00','GMP','2022-09-24','14:50:00'),('PTOG-117','IH021','PUS','2022-09-25','13:40:00','GMP','2022-09-25','14:50:00'),('PTOG-118','IH021','PUS','2022-09-26','13:40:00','GMP','2022-09-26','14:50:00'),('PTOG-119','IH021','PUS','2022-09-27','13:40:00','GMP','2022-09-27','14:50:00'),('PTOG-12','IH021','PUS','2022-06-12','13:40:00','GMP','2022-06-12','14:50:00'),('PTOG-120','IH021','PUS','2022-09-28','13:40:00','GMP','2022-09-28','14:50:00'),('PTOG-121','IH021','PUS','2022-09-29','13:40:00','GMP','2022-09-29','14:50:00'),('PTOG-122','IH021','PUS','2022-09-30','13:40:00','GMP','2022-09-30','14:50:00'),('PTOG-123','IH021','PUS','2022-10-01','13:40:00','GMP','2022-10-01','14:50:00'),('PTOG-124','IH021','PUS','2022-10-02','13:40:00','GMP','2022-10-02','14:50:00'),('PTOG-125','IH021','PUS','2022-10-03','13:40:00','GMP','2022-10-03','14:50:00'),('PTOG-126','IH021','PUS','2022-10-04','13:40:00','GMP','2022-10-04','14:50:00'),('PTOG-127','IH021','PUS','2022-10-05','13:40:00','GMP','2022-10-05','14:50:00'),('PTOG-128','IH021','PUS','2022-10-06','13:40:00','GMP','2022-10-06','14:50:00'),('PTOG-129','IH021','PUS','2022-10-07','13:40:00','GMP','2022-10-07','14:50:00'),('PTOG-13','IH021','PUS','2022-06-13','13:40:00','GMP','2022-06-13','14:50:00'),('PTOG-130','IH021','PUS','2022-10-08','13:40:00','GMP','2022-10-08','14:50:00'),('PTOG-131','IH021','PUS','2022-10-09','13:40:00','GMP','2022-10-09','14:50:00'),('PTOG-132','IH021','PUS','2022-10-10','13:40:00','GMP','2022-10-10','14:50:00'),('PTOG-133','IH021','PUS','2022-10-11','13:40:00','GMP','2022-10-11','14:50:00'),('PTOG-134','IH021','PUS','2022-10-12','13:40:00','GMP','2022-10-12','14:50:00'),('PTOG-135','IH021','PUS','2022-10-13','13:40:00','GMP','2022-10-13','14:50:00'),('PTOG-136','IH021','PUS','2022-10-14','13:40:00','GMP','2022-10-14','14:50:00'),('PTOG-137','IH021','PUS','2022-10-15','13:40:00','GMP','2022-10-15','14:50:00'),('PTOG-138','IH021','PUS','2022-10-16','13:40:00','GMP','2022-10-16','14:50:00'),('PTOG-139','IH021','PUS','2022-10-17','13:40:00','GMP','2022-10-17','14:50:00'),('PTOG-14','IH021','PUS','2022-06-14','13:40:00','GMP','2022-06-14','14:50:00'),('PTOG-140','IH021','PUS','2022-10-18','13:40:00','GMP','2022-10-18','14:50:00'),('PTOG-141','IH021','PUS','2022-10-19','13:40:00','GMP','2022-10-19','14:50:00'),('PTOG-142','IH021','PUS','2022-10-20','13:40:00','GMP','2022-10-20','14:50:00'),('PTOG-143','IH021','PUS','2022-10-21','13:40:00','GMP','2022-10-21','14:50:00'),('PTOG-144','IH021','PUS','2022-10-22','13:40:00','GMP','2022-10-22','14:50:00'),('PTOG-145','IH021','PUS','2022-10-23','13:40:00','GMP','2022-10-23','14:50:00'),('PTOG-146','IH021','PUS','2022-10-24','13:40:00','GMP','2022-10-24','14:50:00'),('PTOG-147','IH021','PUS','2022-10-25','13:40:00','GMP','2022-10-25','14:50:00'),('PTOG-148','IH021','PUS','2022-10-26','13:40:00','GMP','2022-10-26','14:50:00'),('PTOG-149','IH021','PUS','2022-10-27','13:40:00','GMP','2022-10-27','14:50:00'),('PTOG-15','IH021','PUS','2022-06-15','13:40:00','GMP','2022-06-15','14:50:00'),('PTOG-150','IH021','PUS','2022-10-28','13:40:00','GMP','2022-10-28','14:50:00'),('PTOG-151','IH021','PUS','2022-10-29','13:40:00','GMP','2022-10-29','14:50:00'),('PTOG-152','IH021','PUS','2022-10-30','13:40:00','GMP','2022-10-30','14:50:00'),('PTOG-153','IH021','PUS','2022-10-31','13:40:00','GMP','2022-10-31','14:50:00'),('PTOG-154','IH021','PUS','2022-11-01','13:40:00','GMP','2022-11-01','14:50:00'),('PTOG-155','IH021','PUS','2022-11-02','13:40:00','GMP','2022-11-02','14:50:00'),('PTOG-156','IH021','PUS','2022-11-03','13:40:00','GMP','2022-11-03','14:50:00'),('PTOG-157','IH021','PUS','2022-11-04','13:40:00','GMP','2022-11-04','14:50:00'),('PTOG-158','IH021','PUS','2022-11-05','13:40:00','GMP','2022-11-05','14:50:00'),('PTOG-159','IH021','PUS','2022-11-06','13:40:00','GMP','2022-11-06','14:50:00'),('PTOG-16','IH021','PUS','2022-06-16','13:40:00','GMP','2022-06-16','14:50:00'),('PTOG-160','IH021','PUS','2022-11-07','13:40:00','GMP','2022-11-07','14:50:00'),('PTOG-161','IH021','PUS','2022-11-08','13:40:00','GMP','2022-11-08','14:50:00'),('PTOG-162','IH021','PUS','2022-11-09','13:40:00','GMP','2022-11-09','14:50:00'),('PTOG-163','IH021','PUS','2022-11-10','13:40:00','GMP','2022-11-10','14:50:00'),('PTOG-164','IH021','PUS','2022-11-11','13:40:00','GMP','2022-11-11','14:50:00'),('PTOG-165','IH021','PUS','2022-11-12','13:40:00','GMP','2022-11-12','14:50:00'),('PTOG-166','IH021','PUS','2022-11-13','13:40:00','GMP','2022-11-13','14:50:00'),('PTOG-167','IH021','PUS','2022-11-14','13:40:00','GMP','2022-11-14','14:50:00'),('PTOG-168','IH021','PUS','2022-11-15','13:40:00','GMP','2022-11-15','14:50:00'),('PTOG-169','IH021','PUS','2022-11-16','13:40:00','GMP','2022-11-16','14:50:00'),('PTOG-17','IH021','PUS','2022-06-17','13:40:00','GMP','2022-06-17','14:50:00'),('PTOG-170','IH021','PUS','2022-11-17','13:40:00','GMP','2022-11-17','14:50:00'),('PTOG-171','IH021','PUS','2022-11-18','13:40:00','GMP','2022-11-18','14:50:00'),('PTOG-172','IH021','PUS','2022-11-19','13:40:00','GMP','2022-11-19','14:50:00'),('PTOG-173','IH021','PUS','2022-11-20','13:40:00','GMP','2022-11-20','14:50:00'),('PTOG-174','IH021','PUS','2022-11-21','13:40:00','GMP','2022-11-21','14:50:00'),('PTOG-175','IH021','PUS','2022-11-22','13:40:00','GMP','2022-11-22','14:50:00'),('PTOG-176','IH021','PUS','2022-11-23','13:40:00','GMP','2022-11-23','14:50:00'),('PTOG-177','IH021','PUS','2022-11-24','13:40:00','GMP','2022-11-24','14:50:00'),('PTOG-178','IH021','PUS','2022-11-25','13:40:00','GMP','2022-11-25','14:50:00'),('PTOG-179','IH021','PUS','2022-11-26','13:40:00','GMP','2022-11-26','14:50:00'),('PTOG-18','IH021','PUS','2022-06-18','13:40:00','GMP','2022-06-18','14:50:00'),('PTOG-180','IH021','PUS','2022-11-27','13:40:00','GMP','2022-11-27','14:50:00'),('PTOG-181','IH021','PUS','2022-11-28','13:40:00','GMP','2022-11-28','14:50:00'),('PTOG-182','IH021','PUS','2022-11-29','13:40:00','GMP','2022-11-29','14:50:00'),('PTOG-183','IH021','PUS','2022-11-30','13:40:00','GMP','2022-11-30','14:50:00'),('PTOG-184','IH021','PUS','2022-12-01','13:40:00','GMP','2022-12-01','14:50:00'),('PTOG-185','IH021','PUS','2022-12-02','13:40:00','GMP','2022-12-02','14:50:00'),('PTOG-186','IH021','PUS','2022-12-03','13:40:00','GMP','2022-12-03','14:50:00'),('PTOG-187','IH021','PUS','2022-12-04','13:40:00','GMP','2022-12-04','14:50:00'),('PTOG-188','IH021','PUS','2022-12-05','13:40:00','GMP','2022-12-05','14:50:00'),('PTOG-189','IH021','PUS','2022-12-06','13:40:00','GMP','2022-12-06','14:50:00'),('PTOG-19','IH021','PUS','2022-06-19','13:40:00','GMP','2022-06-19','14:50:00'),('PTOG-190','IH021','PUS','2022-12-07','13:40:00','GMP','2022-12-07','14:50:00'),('PTOG-191','IH021','PUS','2022-12-08','13:40:00','GMP','2022-12-08','14:50:00'),('PTOG-192','IH021','PUS','2022-12-09','13:40:00','GMP','2022-12-09','14:50:00'),('PTOG-193','IH021','PUS','2022-12-10','13:40:00','GMP','2022-12-10','14:50:00'),('PTOG-194','IH021','PUS','2022-12-11','13:40:00','GMP','2022-12-11','14:50:00'),('PTOG-195','IH021','PUS','2022-12-12','13:40:00','GMP','2022-12-12','14:50:00'),('PTOG-196','IH021','PUS','2022-12-13','13:40:00','GMP','2022-12-13','14:50:00'),('PTOG-197','IH021','PUS','2022-12-14','13:40:00','GMP','2022-12-14','14:50:00'),('PTOG-198','IH021','PUS','2022-12-15','13:40:00','GMP','2022-12-15','14:50:00'),('PTOG-199','IH021','PUS','2022-12-16','13:40:00','GMP','2022-12-16','14:50:00'),('PTOG-2','IH021','PUS','2022-06-02','13:40:00','GMP','2022-06-02','14:50:00'),('PTOG-20','IH021','PUS','2022-06-20','13:40:00','GMP','2022-06-20','14:50:00'),('PTOG-200','IH021','PUS','2022-12-17','13:40:00','GMP','2022-12-17','14:50:00'),('PTOG-201','IH021','PUS','2022-12-18','13:40:00','GMP','2022-12-18','14:50:00'),('PTOG-202','IH021','PUS','2022-12-19','13:40:00','GMP','2022-12-19','14:50:00'),('PTOG-203','IH021','PUS','2022-12-20','13:40:00','GMP','2022-12-20','14:50:00'),('PTOG-204','IH021','PUS','2022-12-21','13:40:00','GMP','2022-12-21','14:50:00'),('PTOG-205','IH021','PUS','2022-12-22','13:40:00','GMP','2022-12-22','14:50:00'),('PTOG-206','IH021','PUS','2022-12-23','13:40:00','GMP','2022-12-23','14:50:00'),('PTOG-207','IH021','PUS','2022-12-24','13:40:00','GMP','2022-12-24','14:50:00'),('PTOG-208','IH021','PUS','2022-12-25','13:40:00','GMP','2022-12-25','14:50:00'),('PTOG-209','IH021','PUS','2022-12-26','13:40:00','GMP','2022-12-26','14:50:00'),('PTOG-21','IH021','PUS','2022-06-21','13:40:00','GMP','2022-06-21','14:50:00'),('PTOG-210','IH021','PUS','2022-12-27','13:40:00','GMP','2022-12-27','14:50:00'),('PTOG-211','IH021','PUS','2022-12-28','13:40:00','GMP','2022-12-28','14:50:00'),('PTOG-212','IH021','PUS','2022-12-29','13:40:00','GMP','2022-12-29','14:50:00'),('PTOG-213','IH021','PUS','2022-12-30','13:40:00','GMP','2022-12-30','14:50:00'),('PTOG-214','IH021','PUS','2022-12-31','13:40:00','GMP','2022-12-31','14:50:00'),('PTOG-22','IH021','PUS','2022-06-22','13:40:00','GMP','2022-06-22','14:50:00'),('PTOG-23','IH021','PUS','2022-06-23','13:40:00','GMP','2022-06-23','14:50:00'),('PTOG-24','IH021','PUS','2022-06-24','13:40:00','GMP','2022-06-24','14:50:00'),('PTOG-25','IH021','PUS','2022-06-25','13:40:00','GMP','2022-06-25','14:50:00'),('PTOG-26','IH021','PUS','2022-06-26','13:40:00','GMP','2022-06-26','14:50:00'),('PTOG-27','IH021','PUS','2022-06-27','13:40:00','GMP','2022-06-27','14:50:00'),('PTOG-28','IH021','PUS','2022-06-28','13:40:00','GMP','2022-06-28','14:50:00'),('PTOG-29','IH021','PUS','2022-06-29','13:40:00','GMP','2022-06-29','14:50:00'),('PTOG-3','IH021','PUS','2022-06-03','13:40:00','GMP','2022-06-03','14:50:00'),('PTOG-30','IH021','PUS','2022-06-30','13:40:00','GMP','2022-06-30','14:50:00'),('PTOG-31','IH021','PUS','2022-07-01','13:40:00','GMP','2022-07-01','14:50:00'),('PTOG-32','IH021','PUS','2022-07-02','13:40:00','GMP','2022-07-02','14:50:00'),('PTOG-33','IH021','PUS','2022-07-03','13:40:00','GMP','2022-07-03','14:50:00'),('PTOG-34','IH021','PUS','2022-07-04','13:40:00','GMP','2022-07-04','14:50:00'),('PTOG-35','IH021','PUS','2022-07-05','13:40:00','GMP','2022-07-05','14:50:00'),('PTOG-36','IH021','PUS','2022-07-06','13:40:00','GMP','2022-07-06','14:50:00'),('PTOG-37','IH021','PUS','2022-07-07','13:40:00','GMP','2022-07-07','14:50:00'),('PTOG-38','IH021','PUS','2022-07-08','13:40:00','GMP','2022-07-08','14:50:00'),('PTOG-39','IH021','PUS','2022-07-09','13:40:00','GMP','2022-07-09','14:50:00'),('PTOG-4','IH021','PUS','2022-06-04','13:40:00','GMP','2022-06-04','14:50:00'),('PTOG-40','IH021','PUS','2022-07-10','13:40:00','GMP','2022-07-10','14:50:00'),('PTOG-41','IH021','PUS','2022-07-11','13:40:00','GMP','2022-07-11','14:50:00'),('PTOG-42','IH021','PUS','2022-07-12','13:40:00','GMP','2022-07-12','14:50:00'),('PTOG-43','IH021','PUS','2022-07-13','13:40:00','GMP','2022-07-13','14:50:00'),('PTOG-44','IH021','PUS','2022-07-14','13:40:00','GMP','2022-07-14','14:50:00'),('PTOG-45','IH021','PUS','2022-07-15','13:40:00','GMP','2022-07-15','14:50:00'),('PTOG-46','IH021','PUS','2022-07-16','13:40:00','GMP','2022-07-16','14:50:00'),('PTOG-47','IH021','PUS','2022-07-17','13:40:00','GMP','2022-07-17','14:50:00'),('PTOG-48','IH021','PUS','2022-07-18','13:40:00','GMP','2022-07-18','14:50:00'),('PTOG-49','IH021','PUS','2022-07-19','13:40:00','GMP','2022-07-19','14:50:00'),('PTOG-5','IH021','PUS','2022-06-05','13:40:00','GMP','2022-06-05','14:50:00'),('PTOG-50','IH021','PUS','2022-07-20','13:40:00','GMP','2022-07-20','14:50:00'),('PTOG-51','IH021','PUS','2022-07-21','13:40:00','GMP','2022-07-21','14:50:00'),('PTOG-52','IH021','PUS','2022-07-22','13:40:00','GMP','2022-07-22','14:50:00'),('PTOG-53','IH021','PUS','2022-07-23','13:40:00','GMP','2022-07-23','14:50:00'),('PTOG-54','IH021','PUS','2022-07-24','13:40:00','GMP','2022-07-24','14:50:00'),('PTOG-55','IH021','PUS','2022-07-25','13:40:00','GMP','2022-07-25','14:50:00'),('PTOG-56','IH021','PUS','2022-07-26','13:40:00','GMP','2022-07-26','14:50:00'),('PTOG-57','IH021','PUS','2022-07-27','13:40:00','GMP','2022-07-27','14:50:00'),('PTOG-58','IH021','PUS','2022-07-28','13:40:00','GMP','2022-07-28','14:50:00'),('PTOG-59','IH021','PUS','2022-07-29','13:40:00','GMP','2022-07-29','14:50:00'),('PTOG-6','IH021','PUS','2022-06-06','13:40:00','GMP','2022-06-06','14:50:00'),('PTOG-60','IH021','PUS','2022-07-30','13:40:00','GMP','2022-07-30','14:50:00'),('PTOG-61','IH021','PUS','2022-07-31','13:40:00','GMP','2022-07-31','14:50:00'),('PTOG-62','IH021','PUS','2022-08-01','13:40:00','GMP','2022-08-01','14:50:00'),('PTOG-63','IH021','PUS','2022-08-02','13:40:00','GMP','2022-08-02','14:50:00'),('PTOG-64','IH021','PUS','2022-08-03','13:40:00','GMP','2022-08-03','14:50:00'),('PTOG-65','IH021','PUS','2022-08-04','13:40:00','GMP','2022-08-04','14:50:00'),('PTOG-66','IH021','PUS','2022-08-05','13:40:00','GMP','2022-08-05','14:50:00'),('PTOG-67','IH021','PUS','2022-08-06','13:40:00','GMP','2022-08-06','14:50:00'),('PTOG-68','IH021','PUS','2022-08-07','13:40:00','GMP','2022-08-07','14:50:00'),('PTOG-69','IH021','PUS','2022-08-08','13:40:00','GMP','2022-08-08','14:50:00'),('PTOG-7','IH021','PUS','2022-06-07','13:40:00','GMP','2022-06-07','14:50:00'),('PTOG-70','IH021','PUS','2022-08-09','13:40:00','GMP','2022-08-09','14:50:00'),('PTOG-71','IH021','PUS','2022-08-10','13:40:00','GMP','2022-08-10','14:50:00'),('PTOG-72','IH021','PUS','2022-08-11','13:40:00','GMP','2022-08-11','14:50:00'),('PTOG-73','IH021','PUS','2022-08-12','13:40:00','GMP','2022-08-12','14:50:00'),('PTOG-74','IH021','PUS','2022-08-13','13:40:00','GMP','2022-08-13','14:50:00'),('PTOG-75','IH021','PUS','2022-08-14','13:40:00','GMP','2022-08-14','14:50:00'),('PTOG-76','IH021','PUS','2022-08-15','13:40:00','GMP','2022-08-15','14:50:00'),('PTOG-77','IH021','PUS','2022-08-16','13:40:00','GMP','2022-08-16','14:50:00'),('PTOG-78','IH021','PUS','2022-08-17','13:40:00','GMP','2022-08-17','14:50:00'),('PTOG-79','IH021','PUS','2022-08-18','13:40:00','GMP','2022-08-18','14:50:00'),('PTOG-8','IH021','PUS','2022-06-08','13:40:00','GMP','2022-06-08','14:50:00'),('PTOG-80','IH021','PUS','2022-08-19','13:40:00','GMP','2022-08-19','14:50:00'),('PTOG-81','IH021','PUS','2022-08-20','13:40:00','GMP','2022-08-20','14:50:00'),('PTOG-82','IH021','PUS','2022-08-21','13:40:00','GMP','2022-08-21','14:50:00'),('PTOG-83','IH021','PUS','2022-08-22','13:40:00','GMP','2022-08-22','14:50:00'),('PTOG-84','IH021','PUS','2022-08-23','13:40:00','GMP','2022-08-23','14:50:00'),('PTOG-85','IH021','PUS','2022-08-24','13:40:00','GMP','2022-08-24','14:50:00'),('PTOG-86','IH021','PUS','2022-08-25','13:40:00','GMP','2022-08-25','14:50:00'),('PTOG-87','IH021','PUS','2022-08-26','13:40:00','GMP','2022-08-26','14:50:00'),('PTOG-88','IH021','PUS','2022-08-27','13:40:00','GMP','2022-08-27','14:50:00'),('PTOG-89','IH021','PUS','2022-08-28','13:40:00','GMP','2022-08-28','14:50:00'),('PTOG-9','IH021','PUS','2022-06-09','13:40:00','GMP','2022-06-09','14:50:00'),('PTOG-90','IH021','PUS','2022-08-29','13:40:00','GMP','2022-08-29','14:50:00'),('PTOG-91','IH021','PUS','2022-08-30','13:40:00','GMP','2022-08-30','14:50:00'),('PTOG-92','IH021','PUS','2022-08-31','13:40:00','GMP','2022-08-31','14:50:00'),('PTOG-93','IH021','PUS','2022-09-01','13:40:00','GMP','2022-09-01','14:50:00'),('PTOG-94','IH021','PUS','2022-09-02','13:40:00','GMP','2022-09-02','14:50:00'),('PTOG-95','IH021','PUS','2022-09-03','13:40:00','GMP','2022-09-03','14:50:00'),('PTOG-96','IH021','PUS','2022-09-04','13:40:00','GMP','2022-09-04','14:50:00'),('PTOG-97','IH021','PUS','2022-09-05','13:40:00','GMP','2022-09-05','14:50:00'),('PTOG-98','IH021','PUS','2022-09-06','13:40:00','GMP','2022-09-06','14:50:00'),('PTOG-99','IH021','PUS','2022-09-07','13:40:00','GMP','2022-09-07','14:50:00'),('RTOG-1','IH3378','RSU','2022-06-01','14:50:00','GMP','2022-06-01','15:50:00'),('RTOG-10','IH3378','RSU','2022-06-10','14:50:00','GMP','2022-06-10','15:50:00'),('RTOG-100','IH3378','RSU','2022-09-08','14:50:00','GMP','2022-09-08','15:50:00'),('RTOG-101','IH3378','RSU','2022-09-09','14:50:00','GMP','2022-09-09','15:50:00'),('RTOG-102','IH3378','RSU','2022-09-10','14:50:00','GMP','2022-09-10','15:50:00'),('RTOG-103','IH3378','RSU','2022-09-11','14:50:00','GMP','2022-09-11','15:50:00'),('RTOG-104','IH3378','RSU','2022-09-12','14:50:00','GMP','2022-09-12','15:50:00'),('RTOG-105','IH3378','RSU','2022-09-13','14:50:00','GMP','2022-09-13','15:50:00'),('RTOG-106','IH3378','RSU','2022-09-14','14:50:00','GMP','2022-09-14','15:50:00'),('RTOG-107','IH3378','RSU','2022-09-15','14:50:00','GMP','2022-09-15','15:50:00'),('RTOG-108','IH3378','RSU','2022-09-16','14:50:00','GMP','2022-09-16','15:50:00'),('RTOG-109','IH3378','RSU','2022-09-17','14:50:00','GMP','2022-09-17','15:50:00'),('RTOG-11','IH3378','RSU','2022-06-11','14:50:00','GMP','2022-06-11','15:50:00'),('RTOG-110','IH3378','RSU','2022-09-18','14:50:00','GMP','2022-09-18','15:50:00'),('RTOG-111','IH3378','RSU','2022-09-19','14:50:00','GMP','2022-09-19','15:50:00'),('RTOG-112','IH3378','RSU','2022-09-20','14:50:00','GMP','2022-09-20','15:50:00'),('RTOG-113','IH3378','RSU','2022-09-21','14:50:00','GMP','2022-09-21','15:50:00'),('RTOG-114','IH3378','RSU','2022-09-22','14:50:00','GMP','2022-09-22','15:50:00'),('RTOG-115','IH3378','RSU','2022-09-23','14:50:00','GMP','2022-09-23','15:50:00'),('RTOG-116','IH3378','RSU','2022-09-24','14:50:00','GMP','2022-09-24','15:50:00'),('RTOG-117','IH3378','RSU','2022-09-25','14:50:00','GMP','2022-09-25','15:50:00'),('RTOG-118','IH3378','RSU','2022-09-26','14:50:00','GMP','2022-09-26','15:50:00'),('RTOG-119','IH3378','RSU','2022-09-27','14:50:00','GMP','2022-09-27','15:50:00'),('RTOG-12','IH3378','RSU','2022-06-12','14:50:00','GMP','2022-06-12','15:50:00'),('RTOG-120','IH3378','RSU','2022-09-28','14:50:00','GMP','2022-09-28','15:50:00'),('RTOG-121','IH3378','RSU','2022-09-29','14:50:00','GMP','2022-09-29','15:50:00'),('RTOG-122','IH3378','RSU','2022-09-30','14:50:00','GMP','2022-09-30','15:50:00'),('RTOG-123','IH3378','RSU','2022-10-01','14:50:00','GMP','2022-10-01','15:50:00'),('RTOG-124','IH3378','RSU','2022-10-02','14:50:00','GMP','2022-10-02','15:50:00'),('RTOG-125','IH3378','RSU','2022-10-03','14:50:00','GMP','2022-10-03','15:50:00'),('RTOG-126','IH3378','RSU','2022-10-04','14:50:00','GMP','2022-10-04','15:50:00'),('RTOG-127','IH3378','RSU','2022-10-05','14:50:00','GMP','2022-10-05','15:50:00'),('RTOG-128','IH3378','RSU','2022-10-06','14:50:00','GMP','2022-10-06','15:50:00'),('RTOG-129','IH3378','RSU','2022-10-07','14:50:00','GMP','2022-10-07','15:50:00'),('RTOG-13','IH3378','RSU','2022-06-13','14:50:00','GMP','2022-06-13','15:50:00'),('RTOG-130','IH3378','RSU','2022-10-08','14:50:00','GMP','2022-10-08','15:50:00'),('RTOG-131','IH3378','RSU','2022-10-09','14:50:00','GMP','2022-10-09','15:50:00'),('RTOG-132','IH3378','RSU','2022-10-10','14:50:00','GMP','2022-10-10','15:50:00'),('RTOG-133','IH3378','RSU','2022-10-11','14:50:00','GMP','2022-10-11','15:50:00'),('RTOG-134','IH3378','RSU','2022-10-12','14:50:00','GMP','2022-10-12','15:50:00'),('RTOG-135','IH3378','RSU','2022-10-13','14:50:00','GMP','2022-10-13','15:50:00'),('RTOG-136','IH3378','RSU','2022-10-14','14:50:00','GMP','2022-10-14','15:50:00'),('RTOG-137','IH3378','RSU','2022-10-15','14:50:00','GMP','2022-10-15','15:50:00'),('RTOG-138','IH3378','RSU','2022-10-16','14:50:00','GMP','2022-10-16','15:50:00'),('RTOG-139','IH3378','RSU','2022-10-17','14:50:00','GMP','2022-10-17','15:50:00'),('RTOG-14','IH3378','RSU','2022-06-14','14:50:00','GMP','2022-06-14','15:50:00'),('RTOG-140','IH3378','RSU','2022-10-18','14:50:00','GMP','2022-10-18','15:50:00'),('RTOG-141','IH3378','RSU','2022-10-19','14:50:00','GMP','2022-10-19','15:50:00'),('RTOG-142','IH3378','RSU','2022-10-20','14:50:00','GMP','2022-10-20','15:50:00'),('RTOG-143','IH3378','RSU','2022-10-21','14:50:00','GMP','2022-10-21','15:50:00'),('RTOG-144','IH3378','RSU','2022-10-22','14:50:00','GMP','2022-10-22','15:50:00'),('RTOG-145','IH3378','RSU','2022-10-23','14:50:00','GMP','2022-10-23','15:50:00'),('RTOG-146','IH3378','RSU','2022-10-24','14:50:00','GMP','2022-10-24','15:50:00'),('RTOG-147','IH3378','RSU','2022-10-25','14:50:00','GMP','2022-10-25','15:50:00'),('RTOG-148','IH3378','RSU','2022-10-26','14:50:00','GMP','2022-10-26','15:50:00'),('RTOG-149','IH3378','RSU','2022-10-27','14:50:00','GMP','2022-10-27','15:50:00'),('RTOG-15','IH3378','RSU','2022-06-15','14:50:00','GMP','2022-06-15','15:50:00'),('RTOG-150','IH3378','RSU','2022-10-28','14:50:00','GMP','2022-10-28','15:50:00'),('RTOG-151','IH3378','RSU','2022-10-29','14:50:00','GMP','2022-10-29','15:50:00'),('RTOG-152','IH3378','RSU','2022-10-30','14:50:00','GMP','2022-10-30','15:50:00'),('RTOG-153','IH3378','RSU','2022-10-31','14:50:00','GMP','2022-10-31','15:50:00'),('RTOG-154','IH3378','RSU','2022-11-01','14:50:00','GMP','2022-11-01','15:50:00'),('RTOG-155','IH3378','RSU','2022-11-02','14:50:00','GMP','2022-11-02','15:50:00'),('RTOG-156','IH3378','RSU','2022-11-03','14:50:00','GMP','2022-11-03','15:50:00'),('RTOG-157','IH3378','RSU','2022-11-04','14:50:00','GMP','2022-11-04','15:50:00'),('RTOG-158','IH3378','RSU','2022-11-05','14:50:00','GMP','2022-11-05','15:50:00'),('RTOG-159','IH3378','RSU','2022-11-06','14:50:00','GMP','2022-11-06','15:50:00'),('RTOG-16','IH3378','RSU','2022-06-16','14:50:00','GMP','2022-06-16','15:50:00'),('RTOG-160','IH3378','RSU','2022-11-07','14:50:00','GMP','2022-11-07','15:50:00'),('RTOG-161','IH3378','RSU','2022-11-08','14:50:00','GMP','2022-11-08','15:50:00'),('RTOG-162','IH3378','RSU','2022-11-09','14:50:00','GMP','2022-11-09','15:50:00'),('RTOG-163','IH3378','RSU','2022-11-10','14:50:00','GMP','2022-11-10','15:50:00'),('RTOG-164','IH3378','RSU','2022-11-11','14:50:00','GMP','2022-11-11','15:50:00'),('RTOG-165','IH3378','RSU','2022-11-12','14:50:00','GMP','2022-11-12','15:50:00'),('RTOG-166','IH3378','RSU','2022-11-13','14:50:00','GMP','2022-11-13','15:50:00'),('RTOG-167','IH3378','RSU','2022-11-14','14:50:00','GMP','2022-11-14','15:50:00'),('RTOG-168','IH3378','RSU','2022-11-15','14:50:00','GMP','2022-11-15','15:50:00'),('RTOG-169','IH3378','RSU','2022-11-16','14:50:00','GMP','2022-11-16','15:50:00'),('RTOG-17','IH3378','RSU','2022-06-17','14:50:00','GMP','2022-06-17','15:50:00'),('RTOG-170','IH3378','RSU','2022-11-17','14:50:00','GMP','2022-11-17','15:50:00'),('RTOG-171','IH3378','RSU','2022-11-18','14:50:00','GMP','2022-11-18','15:50:00'),('RTOG-172','IH3378','RSU','2022-11-19','14:50:00','GMP','2022-11-19','15:50:00'),('RTOG-173','IH3378','RSU','2022-11-20','14:50:00','GMP','2022-11-20','15:50:00'),('RTOG-174','IH3378','RSU','2022-11-21','14:50:00','GMP','2022-11-21','15:50:00'),('RTOG-175','IH3378','RSU','2022-11-22','14:50:00','GMP','2022-11-22','15:50:00'),('RTOG-176','IH3378','RSU','2022-11-23','14:50:00','GMP','2022-11-23','15:50:00'),('RTOG-177','IH3378','RSU','2022-11-24','14:50:00','GMP','2022-11-24','15:50:00'),('RTOG-178','IH3378','RSU','2022-11-25','14:50:00','GMP','2022-11-25','15:50:00'),('RTOG-179','IH3378','RSU','2022-11-26','14:50:00','GMP','2022-11-26','15:50:00'),('RTOG-18','IH3378','RSU','2022-06-18','14:50:00','GMP','2022-06-18','15:50:00'),('RTOG-180','IH3378','RSU','2022-11-27','14:50:00','GMP','2022-11-27','15:50:00'),('RTOG-181','IH3378','RSU','2022-11-28','14:50:00','GMP','2022-11-28','15:50:00'),('RTOG-182','IH3378','RSU','2022-11-29','14:50:00','GMP','2022-11-29','15:50:00'),('RTOG-183','IH3378','RSU','2022-11-30','14:50:00','GMP','2022-11-30','15:50:00'),('RTOG-184','IH3378','RSU','2022-12-01','14:50:00','GMP','2022-12-01','15:50:00'),('RTOG-185','IH3378','RSU','2022-12-02','14:50:00','GMP','2022-12-02','15:50:00'),('RTOG-186','IH3378','RSU','2022-12-03','14:50:00','GMP','2022-12-03','15:50:00'),('RTOG-187','IH3378','RSU','2022-12-04','14:50:00','GMP','2022-12-04','15:50:00'),('RTOG-188','IH3378','RSU','2022-12-05','14:50:00','GMP','2022-12-05','15:50:00'),('RTOG-189','IH3378','RSU','2022-12-06','14:50:00','GMP','2022-12-06','15:50:00'),('RTOG-19','IH3378','RSU','2022-06-19','14:50:00','GMP','2022-06-19','15:50:00'),('RTOG-190','IH3378','RSU','2022-12-07','14:50:00','GMP','2022-12-07','15:50:00'),('RTOG-191','IH3378','RSU','2022-12-08','14:50:00','GMP','2022-12-08','15:50:00'),('RTOG-192','IH3378','RSU','2022-12-09','14:50:00','GMP','2022-12-09','15:50:00'),('RTOG-193','IH3378','RSU','2022-12-10','14:50:00','GMP','2022-12-10','15:50:00'),('RTOG-194','IH3378','RSU','2022-12-11','14:50:00','GMP','2022-12-11','15:50:00'),('RTOG-195','IH3378','RSU','2022-12-12','14:50:00','GMP','2022-12-12','15:50:00'),('RTOG-196','IH3378','RSU','2022-12-13','14:50:00','GMP','2022-12-13','15:50:00'),('RTOG-197','IH3378','RSU','2022-12-14','14:50:00','GMP','2022-12-14','15:50:00'),('RTOG-198','IH3378','RSU','2022-12-15','14:50:00','GMP','2022-12-15','15:50:00'),('RTOG-199','IH3378','RSU','2022-12-16','14:50:00','GMP','2022-12-16','15:50:00'),('RTOG-2','IH3378','RSU','2022-06-02','14:50:00','GMP','2022-06-02','15:50:00'),('RTOG-20','IH3378','RSU','2022-06-20','14:50:00','GMP','2022-06-20','15:50:00'),('RTOG-200','IH3378','RSU','2022-12-17','14:50:00','GMP','2022-12-17','15:50:00'),('RTOG-201','IH3378','RSU','2022-12-18','14:50:00','GMP','2022-12-18','15:50:00'),('RTOG-202','IH3378','RSU','2022-12-19','14:50:00','GMP','2022-12-19','15:50:00'),('RTOG-203','IH3378','RSU','2022-12-20','14:50:00','GMP','2022-12-20','15:50:00'),('RTOG-204','IH3378','RSU','2022-12-21','14:50:00','GMP','2022-12-21','15:50:00'),('RTOG-205','IH3378','RSU','2022-12-22','14:50:00','GMP','2022-12-22','15:50:00'),('RTOG-206','IH3378','RSU','2022-12-23','14:50:00','GMP','2022-12-23','15:50:00'),('RTOG-207','IH3378','RSU','2022-12-24','14:50:00','GMP','2022-12-24','15:50:00'),('RTOG-208','IH3378','RSU','2022-12-25','14:50:00','GMP','2022-12-25','15:50:00'),('RTOG-209','IH3378','RSU','2022-12-26','14:50:00','GMP','2022-12-26','15:50:00'),('RTOG-21','IH3378','RSU','2022-06-21','14:50:00','GMP','2022-06-21','15:50:00'),('RTOG-210','IH3378','RSU','2022-12-27','14:50:00','GMP','2022-12-27','15:50:00'),('RTOG-211','IH3378','RSU','2022-12-28','14:50:00','GMP','2022-12-28','15:50:00'),('RTOG-212','IH3378','RSU','2022-12-29','14:50:00','GMP','2022-12-29','15:50:00'),('RTOG-213','IH3378','RSU','2022-12-30','14:50:00','GMP','2022-12-30','15:50:00'),('RTOG-214','IH3378','RSU','2022-12-31','14:50:00','GMP','2022-12-31','15:50:00'),('RTOG-22','IH3378','RSU','2022-06-22','14:50:00','GMP','2022-06-22','15:50:00'),('RTOG-23','IH3378','RSU','2022-06-23','14:50:00','GMP','2022-06-23','15:50:00'),('RTOG-24','IH3378','RSU','2022-06-24','14:50:00','GMP','2022-06-24','15:50:00'),('RTOG-25','IH3378','RSU','2022-06-25','14:50:00','GMP','2022-06-25','15:50:00'),('RTOG-26','IH3378','RSU','2022-06-26','14:50:00','GMP','2022-06-26','15:50:00'),('RTOG-27','IH3378','RSU','2022-06-27','14:50:00','GMP','2022-06-27','15:50:00'),('RTOG-28','IH3378','RSU','2022-06-28','14:50:00','GMP','2022-06-28','15:50:00'),('RTOG-29','IH3378','RSU','2022-06-29','14:50:00','GMP','2022-06-29','15:50:00'),('RTOG-3','IH3378','RSU','2022-06-03','14:50:00','GMP','2022-06-03','15:50:00'),('RTOG-30','IH3378','RSU','2022-06-30','14:50:00','GMP','2022-06-30','15:50:00'),('RTOG-31','IH3378','RSU','2022-07-01','14:50:00','GMP','2022-07-01','15:50:00'),('RTOG-32','IH3378','RSU','2022-07-02','14:50:00','GMP','2022-07-02','15:50:00'),('RTOG-33','IH3378','RSU','2022-07-03','14:50:00','GMP','2022-07-03','15:50:00'),('RTOG-34','IH3378','RSU','2022-07-04','14:50:00','GMP','2022-07-04','15:50:00'),('RTOG-35','IH3378','RSU','2022-07-05','14:50:00','GMP','2022-07-05','15:50:00'),('RTOG-36','IH3378','RSU','2022-07-06','14:50:00','GMP','2022-07-06','15:50:00'),('RTOG-37','IH3378','RSU','2022-07-07','14:50:00','GMP','2022-07-07','15:50:00'),('RTOG-38','IH3378','RSU','2022-07-08','14:50:00','GMP','2022-07-08','15:50:00'),('RTOG-39','IH3378','RSU','2022-07-09','14:50:00','GMP','2022-07-09','15:50:00'),('RTOG-4','IH3378','RSU','2022-06-04','14:50:00','GMP','2022-06-04','15:50:00'),('RTOG-40','IH3378','RSU','2022-07-10','14:50:00','GMP','2022-07-10','15:50:00'),('RTOG-41','IH3378','RSU','2022-07-11','14:50:00','GMP','2022-07-11','15:50:00'),('RTOG-42','IH3378','RSU','2022-07-12','14:50:00','GMP','2022-07-12','15:50:00'),('RTOG-43','IH3378','RSU','2022-07-13','14:50:00','GMP','2022-07-13','15:50:00'),('RTOG-44','IH3378','RSU','2022-07-14','14:50:00','GMP','2022-07-14','15:50:00'),('RTOG-45','IH3378','RSU','2022-07-15','14:50:00','GMP','2022-07-15','15:50:00'),('RTOG-46','IH3378','RSU','2022-07-16','14:50:00','GMP','2022-07-16','15:50:00'),('RTOG-47','IH3378','RSU','2022-07-17','14:50:00','GMP','2022-07-17','15:50:00'),('RTOG-48','IH3378','RSU','2022-07-18','14:50:00','GMP','2022-07-18','15:50:00'),('RTOG-49','IH3378','RSU','2022-07-19','14:50:00','GMP','2022-07-19','15:50:00'),('RTOG-5','IH3378','RSU','2022-06-05','14:50:00','GMP','2022-06-05','15:50:00'),('RTOG-50','IH3378','RSU','2022-07-20','14:50:00','GMP','2022-07-20','15:50:00'),('RTOG-51','IH3378','RSU','2022-07-21','14:50:00','GMP','2022-07-21','15:50:00'),('RTOG-52','IH3378','RSU','2022-07-22','14:50:00','GMP','2022-07-22','15:50:00'),('RTOG-53','IH3378','RSU','2022-07-23','14:50:00','GMP','2022-07-23','15:50:00'),('RTOG-54','IH3378','RSU','2022-07-24','14:50:00','GMP','2022-07-24','15:50:00'),('RTOG-55','IH3378','RSU','2022-07-25','14:50:00','GMP','2022-07-25','15:50:00'),('RTOG-56','IH3378','RSU','2022-07-26','14:50:00','GMP','2022-07-26','15:50:00'),('RTOG-57','IH3378','RSU','2022-07-27','14:50:00','GMP','2022-07-27','15:50:00'),('RTOG-58','IH3378','RSU','2022-07-28','14:50:00','GMP','2022-07-28','15:50:00'),('RTOG-59','IH3378','RSU','2022-07-29','14:50:00','GMP','2022-07-29','15:50:00'),('RTOG-6','IH3378','RSU','2022-06-06','14:50:00','GMP','2022-06-06','15:50:00'),('RTOG-60','IH3378','RSU','2022-07-30','14:50:00','GMP','2022-07-30','15:50:00'),('RTOG-61','IH3378','RSU','2022-07-31','14:50:00','GMP','2022-07-31','15:50:00'),('RTOG-62','IH3378','RSU','2022-08-01','14:50:00','GMP','2022-08-01','15:50:00'),('RTOG-63','IH3378','RSU','2022-08-02','14:50:00','GMP','2022-08-02','15:50:00'),('RTOG-64','IH3378','RSU','2022-08-03','14:50:00','GMP','2022-08-03','15:50:00'),('RTOG-65','IH3378','RSU','2022-08-04','14:50:00','GMP','2022-08-04','15:50:00'),('RTOG-66','IH3378','RSU','2022-08-05','14:50:00','GMP','2022-08-05','15:50:00'),('RTOG-67','IH3378','RSU','2022-08-06','14:50:00','GMP','2022-08-06','15:50:00'),('RTOG-68','IH3378','RSU','2022-08-07','14:50:00','GMP','2022-08-07','15:50:00'),('RTOG-69','IH3378','RSU','2022-08-08','14:50:00','GMP','2022-08-08','15:50:00'),('RTOG-7','IH3378','RSU','2022-06-07','14:50:00','GMP','2022-06-07','15:50:00'),('RTOG-70','IH3378','RSU','2022-08-09','14:50:00','GMP','2022-08-09','15:50:00'),('RTOG-71','IH3378','RSU','2022-08-10','14:50:00','GMP','2022-08-10','15:50:00'),('RTOG-72','IH3378','RSU','2022-08-11','14:50:00','GMP','2022-08-11','15:50:00'),('RTOG-73','IH3378','RSU','2022-08-12','14:50:00','GMP','2022-08-12','15:50:00'),('RTOG-74','IH3378','RSU','2022-08-13','14:50:00','GMP','2022-08-13','15:50:00'),('RTOG-75','IH3378','RSU','2022-08-14','14:50:00','GMP','2022-08-14','15:50:00'),('RTOG-76','IH3378','RSU','2022-08-15','14:50:00','GMP','2022-08-15','15:50:00'),('RTOG-77','IH3378','RSU','2022-08-16','14:50:00','GMP','2022-08-16','15:50:00'),('RTOG-78','IH3378','RSU','2022-08-17','14:50:00','GMP','2022-08-17','15:50:00'),('RTOG-79','IH3378','RSU','2022-08-18','14:50:00','GMP','2022-08-18','15:50:00'),('RTOG-8','IH3378','RSU','2022-06-08','14:50:00','GMP','2022-06-08','15:50:00'),('RTOG-80','IH3378','RSU','2022-08-19','14:50:00','GMP','2022-08-19','15:50:00'),('RTOG-81','IH3378','RSU','2022-08-20','14:50:00','GMP','2022-08-20','15:50:00'),('RTOG-82','IH3378','RSU','2022-08-21','14:50:00','GMP','2022-08-21','15:50:00'),('RTOG-83','IH3378','RSU','2022-08-22','14:50:00','GMP','2022-08-22','15:50:00'),('RTOG-84','IH3378','RSU','2022-08-23','14:50:00','GMP','2022-08-23','15:50:00'),('RTOG-85','IH3378','RSU','2022-08-24','14:50:00','GMP','2022-08-24','15:50:00'),('RTOG-86','IH3378','RSU','2022-08-25','14:50:00','GMP','2022-08-25','15:50:00'),('RTOG-87','IH3378','RSU','2022-08-26','14:50:00','GMP','2022-08-26','15:50:00'),('RTOG-88','IH3378','RSU','2022-08-27','14:50:00','GMP','2022-08-27','15:50:00'),('RTOG-89','IH3378','RSU','2022-08-28','14:50:00','GMP','2022-08-28','15:50:00'),('RTOG-9','IH3378','RSU','2022-06-09','14:50:00','GMP','2022-06-09','15:50:00'),('RTOG-90','IH3378','RSU','2022-08-29','14:50:00','GMP','2022-08-29','15:50:00'),('RTOG-91','IH3378','RSU','2022-08-30','14:50:00','GMP','2022-08-30','15:50:00'),('RTOG-92','IH3378','RSU','2022-08-31','14:50:00','GMP','2022-08-31','15:50:00'),('RTOG-93','IH3378','RSU','2022-09-01','14:50:00','GMP','2022-09-01','15:50:00'),('RTOG-94','IH3378','RSU','2022-09-02','14:50:00','GMP','2022-09-02','15:50:00'),('RTOG-95','IH3378','RSU','2022-09-03','14:50:00','GMP','2022-09-03','15:50:00'),('RTOG-96','IH3378','RSU','2022-09-04','14:50:00','GMP','2022-09-04','15:50:00'),('RTOG-97','IH3378','RSU','2022-09-05','14:50:00','GMP','2022-09-05','15:50:00'),('RTOG-98','IH3378','RSU','2022-09-06','14:50:00','GMP','2022-09-06','15:50:00'),('RTOG-99','IH3378','RSU','2022-09-07','14:50:00','GMP','2022-09-07','15:50:00');
/*!40000 ALTER TABLE `airSchedule` ENABLE KEYS */;
UNLOCK TABLES;

--
-- Temporary view structure for view `login`
--

DROP TABLE IF EXISTS `login`;
/*!50001 DROP VIEW IF EXISTS `login`*/;
SET @saved_cs_client     = @@character_set_client;
/*!50503 SET character_set_client = utf8mb4 */;
/*!50001 CREATE VIEW `login` AS SELECT 
 1 AS `ID`,
 1 AS `password`*/;
SET character_set_client = @saved_cs_client;

--
-- Table structure for table `payment`
--

DROP TABLE IF EXISTS `payment`;
/*!40101 SET @saved_cs_client     = @@character_set_client */;
/*!50503 SET character_set_client = utf8mb4 */;
CREATE TABLE `payment` (
  `index` int NOT NULL AUTO_INCREMENT COMMENT '인덱스 번호',
  `reserveNum` varchar(80) CHARACTER SET utf8mb3 COLLATE utf8mb3_general_ci DEFAULT NULL COMMENT '예약 번호',
  `date` date NOT NULL,
  `payable` varchar(20) CHARACTER SET utf8mb3 COLLATE utf8mb3_general_ci NOT NULL COMMENT '결제 방식',
  `pay` int NOT NULL COMMENT '금액',
  PRIMARY KEY (`index`),
  KEY `payment_FK` (`reserveNum`),
  CONSTRAINT `payment_FK` FOREIGN KEY (`reserveNum`) REFERENCES `reservation` (`reserveNum`) ON DELETE SET NULL ON UPDATE SET NULL,
  CONSTRAINT `payable_CHECK` CHECK ((`payable` in (_utf8mb3'card',_utf8mb3'cash')))
) ENGINE=InnoDB AUTO_INCREMENT=49 DEFAULT CHARSET=utf8mb3 COMMENT='결제내역';
/*!40101 SET character_set_client = @saved_cs_client */;

--
-- Dumping data for table `payment`
--

LOCK TABLES `payment` WRITE;
/*!40000 ALTER TABLE `payment` DISABLE KEYS */;
/*!40000 ALTER TABLE `payment` ENABLE KEYS */;
UNLOCK TABLES;

--
-- Table structure for table `reservation`
--

DROP TABLE IF EXISTS `reservation`;
/*!40101 SET @saved_cs_client     = @@character_set_client */;
/*!50503 SET character_set_client = utf8mb4 */;
CREATE TABLE `reservation` (
  `date` date DEFAULT '2021-09-07',
  `reserveNum` varchar(80) CHARACTER SET utf8mb3 COLLATE utf8mb3_general_ci NOT NULL COMMENT '예매번호',
  `GOscheduleNo` varchar(50) CHARACTER SET utf8mb3 COLLATE utf8mb3_general_ci NOT NULL COMMENT '비행스케줄 번호',
  `COMscheduleNo` varchar(20) CHARACTER SET utf8mb3 COLLATE utf8mb3_general_ci DEFAULT NULL COMMENT '왕복의 경우 오는날 스케줄',
  `ID` varchar(20) CHARACTER SET utf8mb3 COLLATE utf8mb3_general_ci NOT NULL COMMENT '아이디',
  `adult` int DEFAULT '0' COMMENT '성인인원',
  `child` int DEFAULT '0' COMMENT '소아인원',
  `infant` int DEFAULT '0' COMMENT '유아인원',
  `pay` int DEFAULT '0' COMMENT '금액',
  `GOclass` varchar(20) CHARACTER SET utf8mb3 COLLATE utf8mb3_general_ci DEFAULT NULL COMMENT '좌석 클래스(e,b,f)',
  `COMclass` varchar(20) CHARACTER SET utf8mb3 COLLATE utf8mb3_general_ci DEFAULT NULL,
  PRIMARY KEY (`reserveNum`),
  KEY `UserReserve_FK_1` (`GOscheduleNo`),
  KEY `reservation_FK` (`ID`),
  CONSTRAINT `reservation_FK` FOREIGN KEY (`ID`) REFERENCES `user` (`ID`) ON DELETE RESTRICT ON UPDATE CASCADE
) ENGINE=InnoDB DEFAULT CHARSET=utf8mb3 COMMENT='예매 리스트';
/*!40101 SET character_set_client = @saved_cs_client */;

--
-- Dumping data for table `reservation`
--

LOCK TABLES `reservation` WRITE;
/*!40000 ALTER TABLE `reservation` DISABLE KEYS */;
INSERT INTO `reservation` VALUES ('2021-09-07','test001010','','','test1',0,0,0,0,NULL,NULL);
/*!40000 ALTER TABLE `reservation` ENABLE KEYS */;
UNLOCK TABLES;

--
-- Table structure for table `reservationDetail`
--

DROP TABLE IF EXISTS `reservationDetail`;
/*!40101 SET @saved_cs_client     = @@character_set_client */;
/*!50503 SET character_set_client = utf8mb4 */;
CREATE TABLE `reservationDetail` (
  `reserveNum` varchar(80) CHARACTER SET utf8mb3 COLLATE utf8mb3_general_ci NOT NULL COMMENT '예매 번호',
  `scheduleNo` varchar(50) CHARACTER SET utf8mb3 COLLATE utf8mb3_general_ci DEFAULT NULL COMMENT '스케줄 번호',
  `nameKOR` varchar(20) CHARACTER SET utf8mb3 COLLATE utf8mb3_general_ci NOT NULL COMMENT '한글이름',
  `nameENG` varchar(20) CHARACTER SET utf8mb3 COLLATE utf8mb3_general_ci DEFAULT NULL COMMENT '영문이름',
  `sex` varchar(20) CHARACTER SET utf8mb3 COLLATE utf8mb3_general_ci NOT NULL COMMENT '성별',
  `passport` varchar(20) CHARACTER SET utf8mb3 COLLATE utf8mb3_general_ci DEFAULT NULL COMMENT '여권번호',
  `birth` date NOT NULL COMMENT '생년월일',
  `tel` varchar(30) CHARACTER SET utf8mb3 COLLATE utf8mb3_general_ci NOT NULL COMMENT '연락처',
  `email` varchar(50) CHARACTER SET utf8mb3 COLLATE utf8mb3_general_ci NOT NULL COMMENT '이메일',
  `agree` tinyint(1) NOT NULL DEFAULT '0' COMMENT '수신동의',
  `baggage` int NOT NULL DEFAULT '0' COMMENT '초과수화물',
  KEY `reservationDetail_FK` (`reserveNum`),
  CONSTRAINT `reservationDetail_FK` FOREIGN KEY (`reserveNum`) REFERENCES `reservation` (`reserveNum`)
) ENGINE=InnoDB DEFAULT CHARSET=utf8mb3 COMMENT='예매 리스트 디테일';
/*!40101 SET character_set_client = @saved_cs_client */;

--
-- Dumping data for table `reservationDetail`
--

LOCK TABLES `reservationDetail` WRITE;
/*!40000 ALTER TABLE `reservationDetail` DISABLE KEYS */;
INSERT INTO `reservationDetail` VALUES ('test001010','test001010','김테스트','KIMTEST','남','M11111111','2001-11-11','01011111111','test@test.t',1,1);
/*!40000 ALTER TABLE `reservationDetail` ENABLE KEYS */;
UNLOCK TABLES;

--
-- Table structure for table `user`
--

DROP TABLE IF EXISTS `user`;
/*!40101 SET @saved_cs_client     = @@character_set_client */;
/*!50503 SET character_set_client = utf8mb4 */;
CREATE TABLE `user` (
  `ID` varchar(20) CHARACTER SET utf8mb3 COLLATE utf8mb3_general_ci NOT NULL COMMENT '아이디',
  `password` varchar(45) CHARACTER SET utf8mb3 COLLATE utf8mb3_general_ci NOT NULL COMMENT '패스워드',
  `nameKOR` varchar(20) CHARACTER SET utf8mb3 COLLATE utf8mb3_general_ci DEFAULT NULL COMMENT '한글이름',
  `nameENG` varchar(20) CHARACTER SET utf8mb3 COLLATE utf8mb3_general_ci DEFAULT NULL COMMENT '영문이름',
  `sex` varchar(20) CHARACTER SET utf8mb3 COLLATE utf8mb3_general_ci DEFAULT NULL COMMENT '성별',
  `passport` varchar(20) CHARACTER SET utf8mb3 COLLATE utf8mb3_general_ci DEFAULT NULL COMMENT '여권번호',
  `birth` varchar(20) CHARACTER SET utf8mb3 COLLATE utf8mb3_general_ci DEFAULT NULL COMMENT '생년월일',
  `tel` varchar(30) CHARACTER SET utf8mb3 COLLATE utf8mb3_general_ci DEFAULT NULL COMMENT '연락처',
  `email` varchar(50) CHARACTER SET utf8mb3 COLLATE utf8mb3_general_ci DEFAULT NULL COMMENT '이메일주소',
  `newsletter` tinyint(1) DEFAULT '0' COMMENT '뉴스레터 동의',
  `promotion` tinyint(1) DEFAULT '0' COMMENT '프로모션 동의',
  `sms` tinyint(1) DEFAULT '0' COMMENT 'SMS 수신 동의',
  `아이디` varchar(50) DEFAULT NULL,
  `패스워드` int DEFAULT NULL,
  `한글` varchar(50) DEFAULT NULL,
  `영문` varchar(50) DEFAULT NULL,
  `성별` varchar(50) DEFAULT NULL,
  `여권` varchar(50) DEFAULT NULL,
  `생일` int DEFAULT NULL,
  `전화` int DEFAULT NULL,
  `이메일` varchar(50) DEFAULT NULL,
  `뉴스동의` int DEFAULT NULL,
  `이벤트동의` int DEFAULT NULL,
  `sms동의` int DEFAULT NULL,
  `test1` varchar(50) DEFAULT NULL,
  `1111` int DEFAULT NULL,
  `가길동` varchar(50) DEFAULT NULL,
  `LEEEUNSEON` varchar(50) DEFAULT NULL,
  `여` varchar(50) DEFAULT NULL,
  `M00000002` varchar(50) DEFAULT NULL,
  `20010414` int DEFAULT NULL,
  `01092032769` int DEFAULT NULL,
  `test1@test.t` varchar(50) DEFAULT NULL,
  `1` int DEFAULT NULL,
  PRIMARY KEY (`ID`),
  UNIQUE KEY `email_UN` (`email`),
  UNIQUE KEY `telephone` (`tel`),
  UNIQUE KEY `passport` (`passport`),
  CONSTRAINT `sex_CHECK` CHECK ((`sex` in (_utf8mb3'남',_utf8mb3'여')))
) ENGINE=InnoDB DEFAULT CHARSET=utf8mb3 COMMENT='회원정보';
/*!40101 SET character_set_client = @saved_cs_client */;

--
-- Dumping data for table `user`
--

LOCK TABLES `user` WRITE;
/*!40000 ALTER TABLE `user` DISABLE KEYS */;
INSERT INTO `user` VALUES ('test1','1111','가길동','LEEEUNSEON','여','M00000002','20010414','01092032769','test1@test.t',1,1,1,NULL,NULL,NULL,NULL,NULL,NULL,NULL,NULL,NULL,NULL,NULL,NULL,NULL,NULL,NULL,NULL,NULL,NULL,NULL,NULL,NULL,NULL),('test2','1111','나길동','HOGNGIDONG','남','M00000003','20000101','01091233329','test2@test.t',1,1,1,NULL,NULL,NULL,NULL,NULL,NULL,NULL,NULL,NULL,NULL,NULL,NULL,NULL,NULL,NULL,NULL,NULL,NULL,NULL,NULL,NULL,NULL),('test3','1111','다길동','GAGILDONG','남','M00000004','20010414','01011112222','test3@test.t',1,1,1,NULL,NULL,NULL,NULL,NULL,NULL,NULL,NULL,NULL,NULL,NULL,NULL,NULL,NULL,NULL,NULL,NULL,NULL,NULL,NULL,NULL,NULL);
/*!40000 ALTER TABLE `user` ENABLE KEYS */;
UNLOCK TABLES;

--
-- Dumping routines for database 'inhaair'
--

--
-- Final view structure for view `login`
--

/*!50001 DROP VIEW IF EXISTS `login`*/;
/*!50001 SET @saved_cs_client          = @@character_set_client */;
/*!50001 SET @saved_cs_results         = @@character_set_results */;
/*!50001 SET @saved_col_connection     = @@collation_connection */;
/*!50001 SET character_set_client      = utf8mb4 */;
/*!50001 SET character_set_results     = utf8mb4 */;
/*!50001 SET collation_connection      = utf8mb4_0900_ai_ci */;
/*!50001 CREATE ALGORITHM=UNDEFINED */
/*!50013 DEFINER=`root`@`localhost` SQL SECURITY DEFINER */
/*!50001 VIEW `login` AS select `user`.`ID` AS `ID`,`user`.`password` AS `password` from `user` */;
/*!50001 SET character_set_client      = @saved_cs_client */;
/*!50001 SET character_set_results     = @saved_cs_results */;
/*!50001 SET collation_connection      = @saved_col_connection */;
/*!40103 SET TIME_ZONE=@OLD_TIME_ZONE */;

/*!40101 SET SQL_MODE=@OLD_SQL_MODE */;
/*!40014 SET FOREIGN_KEY_CHECKS=@OLD_FOREIGN_KEY_CHECKS */;
/*!40014 SET UNIQUE_CHECKS=@OLD_UNIQUE_CHECKS */;
/*!40101 SET CHARACTER_SET_CLIENT=@OLD_CHARACTER_SET_CLIENT */;
/*!40101 SET CHARACTER_SET_RESULTS=@OLD_CHARACTER_SET_RESULTS */;
/*!40101 SET COLLATION_CONNECTION=@OLD_COLLATION_CONNECTION */;
/*!40111 SET SQL_NOTES=@OLD_SQL_NOTES */;

-- Dump completed on 2022-09-08 19:49:36
